date,debit,credit,reference,closing_balance,counterparty_id,counterparty,channel
2025-05-01T00:00:00.000,\N,376.73,1054800004388-20250501,"5,176.73",c1,Card Settlement,card
2025-05-01T00:00:00.000,\N,187.40,TT25121C5T8F,"5,364.13",c10,Cash Deposit,cash
2025-05-01T00:00:00.000,304.71,None,TT25121D61ER,"5,059.42",c2,Beans Direct Ltd,transfer
2025-05-01T00:00:00.000,66.31,None,TT25121WB5W4,"4,993.11",c3,Dairy Co,transfer
2025-05-01T00:00:00.000,110.16,,TT251219NKBX,"4,882.95",c4,Muffin Top Bakery,transfer
2025-05-01T00:00:00.000,"1,850.00",None,TT25121VQMYJ,"3,032.95",c6,Riverside Lettings,standing_order
2025-05-01T00:00:00.000,100.04,\N,TT25121ZFKY2,"2,932.91",c4,Muffin Top Bakery,transfer
2025-05-02T00:00:00.000,None,534.77,1054800004388-20250502,"3,467.68",c1,Card Settlement,card
2025-05-03T00:00:00.000,\N,457.18,1054800004388-20250503,"3,924.86",c1,Card Settlement,card
2025-05-03T00:00:00.000,0.00,0.00,TT25123B2MEJ,"3,924.86",c0,Statement Memo,transfer
2025-05-04T00:00:00.000,\N,486.06,1054800004388-20250504,"4,410.92",c1,Card Settlement,card
2025-05-04T00:00:00.000,162.72,\N,TT25124AY70R,"4,248.20",c3,Dairy Co,transfer
2025-05-05T00:00:00.000,None,500.12,1054800004388-20250505,"4,748.32",c1,Card Settlement,card
2025-05-05T00:00:00.000,73.03,None,TT251250KUN2,"4,675.29",c3,Dairy Co,transfer
2025-05-05T00:00:00.000,135.65,,TT251255ZZMM,"4,539.64",c4,Muffin Top Bakery,transfer
2025-05-05T00:00:00.000,81.39,0.00,TT25125FQMN7,"4,458.25",c3,Dairy Co,transfer
2025-05-05T00:00:00.000,61.59,0.00,TT25125GXPZC,"4,396.66",c2,Beans Direct Ltd,transfer
2025-05-06T00:00:00.000,\N,381.91,1054800004388-20250506,"4,778.57",c1,Card Settlement,card
2025-05-07T00:00:00.000,None,448.85,1054800004388-20250507,"5,227.42",c1,Card Settlement,card
2025-05-07T00:00:00.000,139.20,,TT2512715SXP,"5,088.22",c3,Dairy Co,transfer
2025-05-08T00:00:00.000,\N,539.33,1054800004388-20250508,"5,627.55",c1,Card Settlement,card
2025-05-08T00:00:00.000,320.65,,TT25128LB74S,"5,306.90",c2,Beans Direct Ltd,transfer
2025-05-08T00:00:00.000,443.85,None,TT25128F21GP,"4,863.05",c12,Insurance & Licences,standing_order
2025-05-08T00:00:00.000,174.58,None,TT25128JFZ28,"4,688.47",c2,Beans Direct Ltd,transfer
2025-05-09T00:00:00.000,,482.58,1054800004388-20250509,"5,171.05",c1,Card Settlement,card
2025-05-09T00:00:00.000,99.31,0.00,TT2512936MJC,"5,071.74",c3,Dairy Co,transfer
2025-05-09T00:00:00.000,162.62,0.00,TT25129LBUYP,"4,909.12",c4,Muffin Top Bakery,transfer
2025-05-09T00:00:00.000,114.22,\N,TT25129ZSBXG,"4,794.90",c3,Dairy Co,transfer
2025-05-09T00:00:00.000,50.62,\N,TT2512962CX3,"4,744.28",c3,Dairy Co,transfer
2025-05-10T00:00:00.000,\N,647.33,1054800004388-20250510,"5,391.61",c1,Card Settlement,card
2025-05-10T00:00:00.000,None,348.02,TT25130XFCBY,"5,739.63",c10,Cash Deposit,cash
2025-05-10T00:00:00.000,0.00,0.00,TT25130H0C2B,"5,739.63",c0,Statement Memo,transfer
2025-05-11T00:00:00.000,\N,466.38,1054800004388-20250511,"6,206.01",c1,Card Settlement,card
2025-05-12T00:00:00.000,\N,481.58,1054800004388-20250512,"6,687.59",c1,Card Settlement,card
2025-05-12T00:00:00.000,151.88,\N,TT25132321WC,"6,535.71",c4,Muffin Top Bakery,transfer
2025-05-12T00:00:00.000,119.19,\N,TT25132FRUBT,"6,416.52",c2,Beans Direct Ltd,transfer
2025-05-12T00:00:00.000,171.64,\N,TT25132GSL2Y,"6,244.88",c4,Muffin Top Bakery,transfer
2025-05-12T00:00:00.000,59.21,\N,TT25132YTLEN,"6,185.67",c3,Dairy Co,transfer
2025-05-13T00:00:00.000,0.00,396.58,1054800004388-20250513,"6,582.25",c1,Card Settlement,card
2025-05-13T00:00:00.000,85.09,\N,TT25133L9E47,"6,497.16",c3,Dairy Co,transfer
2025-05-13T00:00:00.000,136.86,None,TT251331JANB,"6,360.30",c4,Muffin Top Bakery,transfer
2025-05-14T00:00:00.000,\N,539.57,1054800004388-20250514,"6,899.87",c1,Card Settlement,card
2025-05-14T00:00:00.000,"4,723.87",None,TT25134ST7EK,"2,176.00",c5,Cozy Bean Payroll,standing_order
2025-05-14T00:00:00.000,157.46,\N,TT25134RQNEW,"2,018.54",c2,Beans Direct Ltd,transfer
2025-05-15T00:00:00.000,\N,459.42,1054800004388-20250515,"2,477.96",c1,Card Settlement,card
2025-05-15T00:00:00.000,199.79,None,TT251350YW7J,"2,278.17",c2,Beans Direct Ltd,transfer
2025-05-16T00:00:00.000,\N,457.28,1054800004388-20250516,"2,735.45",c1,Card Settlement,card
2025-05-16T00:00:00.000,93.91,None,TT25136AP7KS,"2,641.54",c3,Dairy Co,transfer
2025-05-17T00:00:00.000,\N,692.66,1054800004388-20250517,"3,334.20",c1,Card Settlement,card
2025-05-18T00:00:00.000,\N,687.22,1054800004388-20250518,"4,021.42",c1,Card Settlement,card
2025-05-18T00:00:00.000,156.24,\N,TT25138HK74Q,"3,865.18",c4,Muffin Top Bakery,transfer
2025-05-18T00:00:00.000,87.86,None,TT25138MZD3J,"3,777.32",c3,Dairy Co,transfer
2025-05-18T00:00:00.000,185.96,None,TT251382TFGT,"3,591.36",c3,Dairy Co,transfer
2025-05-19T00:00:00.000,,455.31,1054800004388-20250519,"4,046.67",c1,Card Settlement,card
2025-05-19T00:00:00.000,113.37,None,TT251390N536,"3,933.30",c3,Dairy Co,transfer
2025-05-20T00:00:00.000,\N,493.56,1054800004388-20250520,"4,426.86",c1,Card Settlement,card
2025-05-20T00:00:00.000,\N,258.56,TT25140W1XV1,"4,685.42",c10,Cash Deposit,cash
2025-05-20T00:00:00.000,325.72,,TT251405RYJA,"4,359.70",c7,City Power,standing_order
2025-05-21T00:00:00.000,None,507.43,1054800004388-20250521,"4,867.13",c1,Card Settlement,card
2025-05-22T00:00:00.000,None,512.50,1054800004388-20250522,"5,379.63",c1,Card Settlement,card
2025-05-22T00:00:00.000,261.21,\N,TT25142T6137,"5,118.42",c2,Beans Direct Ltd,transfer
2025-05-23T00:00:00.000,\N,417.55,1054800004388-20250523,"5,535.97",c1,Card Settlement,card
2025-05-23T00:00:00.000,78.63,\N,TT251439WPBS,"5,457.34",c3,Dairy Co,transfer
2025-05-23T00:00:00.000,71.47,\N,TT251434NW46,"5,385.87",c4,Muffin Top Bakery,transfer
2025-05-24T00:00:00.000,,544.64,1054800004388-20250524,"5,930.51",c1,Card Settlement,card
2025-05-24T00:00:00.000,62.23,\N,TT25144PM5TY,"5,868.28",c2,Beans Direct Ltd,transfer
2025-05-25T00:00:00.000,,703.35,1054800004388-20250525,"6,571.63",c1,Card Settlement,card
2025-05-25T00:00:00.000,55.87,\N,FT25145L075J,"6,515.76",c11,Card Machine Fees,card
2025-05-25T00:00:00.000,111.79,,TT25145EEF9Z,"6,403.97",c3,Dairy Co,transfer
2025-05-26T00:00:00.000,None,570.74,1054800004388-20250526,"6,974.71",c1,Card Settlement,card
2025-05-26T00:00:00.000,140.78,\N,TT2514666KCM,"6,833.93",c3,Dairy Co,transfer
2025-05-27T00:00:00.000,\N,510.84,1054800004388-20250527,"7,344.77",c1,Card Settlement,card
2025-05-27T00:00:00.000,147.94,\N,TT25147HX01L,"7,196.83",c4,Muffin Top Bakery,transfer
2025-05-28T00:00:00.000,\N,484.39,1054800004388-20250528,"7,681.22",c1,Card Settlement,card
2025-05-28T00:00:00.000,69.86,None,TT251483TGAN,"7,611.36",c3,Dairy Co,transfer
2025-05-28T00:00:00.000,"4,653.88",,TT25148E44KB,"2,957.48",c5,Cozy Bean Payroll,standing_order
2025-05-29T00:00:00.000,\N,496.70,1054800004388-20250529,"3,454.18",c1,Card Settlement,card
2025-05-29T00:00:00.000,0.00,0.00,TT25149BBP6Y,"3,454.18",c0,Statement Memo,transfer
2025-05-30T00:00:00.000,\N,394.90,1054800004388-20250530,"3,849.08",c1,Card Settlement,card
2025-05-30T00:00:00.000,250.19,\N,TT25150QTS8H,"3,598.89",c2,Beans Direct Ltd,transfer
2025-05-30T00:00:00.000,116.90,\N,TT25150F7DVN,"3,481.99",c3,Dairy Co,transfer
2025-05-31T00:00:00.000,,565.48,1054800004388-20250531,"4,047.47",c1,Card Settlement,card
2025-05-31T00:00:00.000,\N,203.01,TT25151Y7NS9,"4,250.48",c10,Cash Deposit,cash
2025-06-01T00:00:00.000,\N,684.71,1054800004388-20250601,"4,935.19",c1,Card Settlement,card
2025-06-01T00:00:00.000,93.77,,TT2515290PQA,"4,841.42",c4,Muffin Top Bakery,transfer
2025-06-01T00:00:00.000,"1,850.00",None,TT25152Z6ZDE,"2,991.42",c6,Riverside Lettings,standing_order
2025-06-01T00:00:00.000,157.22,0.00,TT25152N7BP6,"2,834.20",c3,Dairy Co,transfer
2025-06-02T00:00:00.000,None,449.59,1054800004388-20250602,"3,283.79",c1,Card Settlement,card
2025-06-03T00:00:00.000,\N,430.25,1054800004388-20250603,"3,714.04",c1,Card Settlement,card
2025-06-03T00:00:00.000,88.64,\N,TT2515408R8J,"3,625.40",c3,Dairy Co,transfer
2025-06-04T00:00:00.000,\N,459.67,1054800004388-20250604,"4,085.07",c1,Card Settlement,card
2025-06-04T00:00:00.000,64.99,0.00,TT25155V080X,"4,020.08",c4,Muffin Top Bakery,transfer
2025-06-05T00:00:00.000,,473.84,1054800004388-20250605,"4,493.92",c1,Card Settlement,card
2025-06-05T00:00:00.000,119.40,\N,TT251560LTAJ,"4,374.52",c3,Dairy Co,transfer
2025-06-06T00:00:00.000,None,349.55,1054800004388-20250606,"4,724.07",c1,Card Settlement,card
2025-06-06T00:00:00.000,184.34,,TT25157PQYE2,"4,539.73",c2,Beans Direct Ltd,transfer
2025-06-06T00:00:00.000,59.36,None,TT25157AEFKZ,"4,480.37",c3,Dairy Co,transfer
2025-06-06T00:00:00.000,85.44,,TT25157A87S5,"4,394.93",c4,Muffin Top Bakery,transfer
2025-06-06T00:00:00.000,177.50,None,TT25157DM6DF,"4,217.43",c4,Muffin Top Bakery,transfer
2025-06-06T00:00:00.000,127.13,None,TT25157HKXMZ,"4,090.30",c4,Muffin Top Bakery,transfer
2025-06-07T00:00:00.000,None,704.05,1054800004388-20250607,"4,794.35",c1,Card Settlement,card
2025-06-07T00:00:00.000,174.00,\N,TT25158JD9CJ,"4,620.35",c2,Beans Direct Ltd,transfer
2025-06-08T00:00:00.000,0.00,605.23,1054800004388-20250608,"5,225.58",c1,Card Settlement,card
2025-06-09T00:00:00.000,,372.53,1054800004388-20250609,"5,598.11",c1,Card Settlement,card
2025-06-09T00:00:00.000,158.80,\N,TT25160F5NG0,"5,439.31",c4,Muffin Top Bakery,transfer
2025-06-10T00:00:00.000,,511.26,1054800004388-20250610,"5,950.57",c1,Card Settlement,card
2025-06-10T00:00:00.000,None,209.59,TT25161K59WN,"6,160.16",c10,Cash Deposit,cash
2025-06-10T00:00:00.000,141.06,,TT25161CA3YR,"6,019.10",c3,Dairy Co,transfer
2025-06-11T00:00:00.000,,414.24,1054800004388-20250611,"6,433.34",c1,Card Settlement,card
2025-06-11T00:00:00.000,77.33,\N,TT251623HR77,"6,356.01",c3,Dairy Co,transfer
2025-06-11T00:00:00.000,0.00,0.00,TT25162PNKL6,"6,356.01",c0,Statement Memo,transfer
2025-06-12T00:00:00.000,None,409.32,1054800004388-20250612,"6,765.33",c1,Card Settlement,card
2025-06-12T00:00:00.000,72.90,,TT25163SH4W2,"6,692.43",c4,Muffin Top Bakery,transfer
2025-06-13T00:00:00.000,\N,362.03,1054800004388-20250613,"7,054.46",c1,Card Settlement,card
2025-06-13T00:00:00.000,217.13,None,TT25164ZVU3S,"6,837.33",c2,Beans Direct Ltd,transfer
2025-06-13T00:00:00.000,45.07,None,TT25164WKUPV,"6,792.26",c3,Dairy Co,transfer
2025-06-14T00:00:00.000,None,624.11,1054800004388-20250614,"7,416.37",c1,Card Settlement,card
2025-06-14T00:00:00.000,117.15,\N,TT25165JA880,"7,299.22",c3,Dairy Co,transfer
2025-06-14T00:00:00.000,"4,427.75",None,TT25165RA3BM,"2,871.47",c5,Cozy Bean Payroll,standing_order
2025-06-15T00:00:00.000,,516.78,1054800004388-20250615,"3,388.25",c1,Card Settlement,card
2025-06-15T00:00:00.000,160.65,0.00,TT2516641N8P,"3,227.60",c3,Dairy Co,transfer
2025-06-16T00:00:00.000,,553.31,1054800004388-20250616,"3,780.91",c1,Card Settlement,card
2025-06-16T00:00:00.000,84.53,0.00,TT25167XA1YE,"3,696.38",c4,Muffin Top Bakery,transfer
2025-06-16T00:00:00.000,135.24,None,TT25167C53TN,"3,561.14",c2,Beans Direct Ltd,transfer
2025-06-17T00:00:00.000,\N,523.36,1054800004388-20250617,"4,084.50",c1,Card Settlement,card
2025-06-17T00:00:00.000,83.71,,TT25168HGZK1,"4,000.79",c3,Dairy Co,transfer
2025-06-17T00:00:00.000,0.00,0.00,TT251682M206,"4,000.79",c0,Statement Memo,transfer
2025-06-18T00:00:00.000,None,521.40,1054800004388-20250618,"4,522.19",c1,Card Settlement,card
2025-06-18T00:00:00.000,138.09,None,TT251693BSD9,"4,384.10",c4,Muffin Top Bakery,transfer
2025-06-18T00:00:00.000,124.93,None,TT25169SWEYB,"4,259.17",c4,Muffin Top Bakery,transfer
2025-06-18T00:00:00.000,0.00,0.00,TT251698B7KL,"4,259.17",c0,Statement Memo,transfer
2025-06-19T00:00:00.000,0.00,477.38,1054800004388-20250619,"4,736.55",c1,Card Settlement,card
2025-06-19T00:00:00.000,140.32,\N,TT25170WLRGD,"4,596.23",c3,Dairy Co,transfer
2025-06-19T00:00:00.000,146.88,None,TT251707R3KY,"4,449.35",c4,Muffin Top Bakery,transfer
2025-06-20T00:00:00.000,\N,495.66,1054800004388-20250620,"4,945.01",c1,Card Settlement,card
2025-06-20T00:00:00.000,129.68,\N,TT25171GPYJ9,"4,815.33",c4,Muffin Top Bakery,transfer
2025-06-20T00:00:00.000,325.21,,TT251714AZ5M,"4,490.12",c7,City Power,standing_order
2025-06-21T00:00:00.000,\N,598.31,1054800004388-20250621,"5,088.43",c1,Card Settlement,card
2025-06-21T00:00:00.000,\N,334.19,TT25172L1RT5,"5,422.62",c10,Cash Deposit,cash
2025-06-21T00:00:00.000,224.86,0.00,TT25172NNMUQ,"5,197.76",c2,Beans Direct Ltd,transfer
2025-06-21T00:00:00.000,92.80,\N,TT25172TD6Q7,"5,104.96",c3,Dairy Co,transfer
2025-06-22T00:00:00.000,\N,545.59,1054800004388-20250622,"5,650.55",c1,Card Settlement,card
2025-06-23T00:00:00.000,,392.04,1054800004388-20250623,"6,042.59",c1,Card Settlement,card
2025-06-23T00:00:00.000,81.86,\N,TT25174C1G42,"5,960.73",c3,Dairy Co,transfer
2025-06-24T00:00:00.000,\N,353.95,1054800004388-20250624,"6,314.68",c1,Card Settlement,card
2025-06-25T00:00:00.000,None,381.38,1054800004388-20250625,"6,696.06",c1,Card Settlement,card
2025-06-25T00:00:00.000,87.03,,TT25176GA2TN,"6,609.03",c4,Muffin Top Bakery,transfer
2025-06-25T00:00:00.000,76.95,0.00,FT25176LNJA5,"6,532.08",c11,Card Machine Fees,card
2025-06-25T00:00:00.000,159.25,\N,TT25176XHXVB,"6,372.83",c3,Dairy Co,transfer
2025-06-26T00:00:00.000,,429.45,1054800004388-20250626,"6,802.28",c1,Card Settlement,card
2025-06-26T00:00:00.000,94.67,\N,TT25177ZMZC3,"6,707.61",c3,Dairy Co,transfer
2025-06-27T00:00:00.000,0.00,460.34,1054800004388-20250627,"7,167.95",c1,Card Settlement,card
2025-06-27T00:00:00.000,140.74,None,TT25178YR5WG,"7,027.21",c2,Beans Direct Ltd,transfer
2025-06-28T00:00:00.000,\N,701.08,1054800004388-20250628,"7,728.29",c1,Card Settlement,card
2025-06-28T00:00:00.000,66.33,,TT251791TEFW,"7,661.96",c3,Dairy Co,transfer
2025-06-28T00:00:00.000,137.81,None,TT25179PY2JQ,"7,524.15",c4,Muffin Top Bakery,transfer
2025-06-28T00:00:00.000,"4,603.22",,TT25179UZRUB,"2,920.93",c5,Cozy Bean Payroll,standing_order
2025-06-28T00:00:00.000,107.69,None,TT25179FMQNH,"2,813.24",c2,Beans Direct Ltd,transfer
2025-06-28T00:00:00.000,0.00,0.00,TT25179MENTP,"2,813.24",c0,Statement Memo,transfer
2025-06-29T00:00:00.000,,529.27,1054800004388-20250629,"3,342.51",c1,Card Settlement,card
2025-06-29T00:00:00.000,296.39,,TT25180RDSVH,"3,046.12",c2,Beans Direct Ltd,transfer
2025-06-30T00:00:00.000,None,497.81,1054800004388-20250630,"3,543.93",c1,Card Settlement,card
2025-06-30T00:00:00.000,99.30,None,TT251810QGHZ,"3,444.63",c3,Dairy Co,transfer
2025-07-01T00:00:00.000,\N,515.50,1054800004388-20250701,"3,960.13",c1,Card Settlement,card
2025-07-01T00:00:00.000,"1,850.00",,TT25182G6SCC,"2,110.13",c6,Riverside Lettings,standing_order
2025-07-02T00:00:00.000,None,478.47,1054800004388-20250702,"2,588.60",c1,Card Settlement,card
2025-07-02T00:00:00.000,99.94,,TT25183PKZCF,"2,488.66",c4,Muffin Top Bakery,transfer
2025-07-03T00:00:00.000,,550.58,1054800004388-20250703,"3,039.24",c1,Card Settlement,card
2025-07-03T00:00:00.000,\N,293.74,TT251840BTDH,"3,332.98",c10,Cash Deposit,cash
2025-07-03T00:00:00.000,51.13,,TT25184BYEW9,"3,281.85",c2,Beans Direct Ltd,transfer
2025-07-04T00:00:00.000,,541.59,1054800004388-20250704,"3,823.44",c1,Card Settlement,card
2025-07-04T00:00:00.000,88.64,0.00,TT25185GK0KS,"3,734.80",c3,Dairy Co,transfer
2025-07-05T00:00:00.000,\N,637.68,1054800004388-20250705,"4,372.48",c1,Card Settlement,card
2025-07-05T00:00:00.000,158.03,,TT251863Z6KQ,"4,214.45",c4,Muffin Top Bakery,transfer
2025-07-05T00:00:00.000,115.91,None,TT25186M1DTC,"4,098.54",c4,Muffin Top Bakery,transfer
2025-07-06T00:00:00.000,,472.12,1054800004388-20250706,"4,570.66",c1,Card Settlement,card
2025-07-07T00:00:00.000,,579.83,1054800004388-20250707,"5,150.49",c1,Card Settlement,card
2025-07-07T00:00:00.000,313.50,,TT251887RY7L,"4,836.99",c2,Beans Direct Ltd,transfer
2025-07-07T00:00:00.000,111.17,0.00,TT25188P27FN,"4,725.82",c4,Muffin Top Bakery,transfer
2025-07-08T00:00:00.000,0.00,541.62,1054800004388-20250708,"5,267.44",c1,Card Settlement,card
2025-07-08T00:00:00.000,93.44,None,TT25189QQ7YJ,"5,174.00",c3,Dairy Co,transfer
2025-07-08T00:00:00.000,80.67,\N,TT251894KYYJ,"5,093.33",c4,Muffin Top Bakery,transfer
2025-07-09T00:00:00.000,\N,476.66,1054800004388-20250709,"5,569.99",c1,Card Settlement,card
2025-07-10T00:00:00.000,\N,548.71,1054800004388-20250710,"6,118.70",c1,Card Settlement,card
2025-07-10T00:00:00.000,None,409.20,TT25191S82FM,"6,527.90",c10,Cash Deposit,cash
2025-07-10T00:00:00.000,68.94,,TT25191A6466,"6,458.96",c3,Dairy Co,transfer
2025-07-10T00:00:00.000,160.72,None,TT25191A9VJF,"6,298.24",c2,Beans Direct Ltd,transfer
2025-07-11T00:00:00.000,\N,491.03,1054800004388-20250711,"6,789.27",c1,Card Settlement,card
2025-07-11T00:00:00.000,94.89,0.00,TT25192YXX5U,"6,694.38",c4,Muffin Top Bakery,transfer
not recorded,\N,456.21,1054800004388-20250712,"7,150.59",c1,Card Settlement,card
2025-07-13T00:00:00.000,\N,525.99,1054800004388-20250713,"7,676.58",c1,Card Settlement,card
2025-07-14T00:00:00.000,\N,511.02,1054800004388-20250714,"8,187.60",c1,Card Settlement,card
2025-07-14T00:00:00.000,137.67,\N,TT251958SKD1,"8,049.93",c3,Dairy Co,transfer
2025-07-14T00:00:00.000,127.15,None,TT25195QEE4T,"7,922.78",c4,Muffin Top Bakery,transfer
2025-07-14T00:00:00.000,"4,400.77",,TT251952A71Q,"3,522.01",c5,Cozy Bean Payroll,standing_order
2025-07-14T00:00:00.000,181.62,,TT251958N4PF,"3,340.39",c3,Dairy Co,transfer
2025-07-15T00:00:00.000,\N,540.74,1054800004388-20250715,"3,881.13",c1,Card Settlement,card
2025-07-15T00:00:00.000,182.33,0.00,TT251966HBEP,"3,698.80",c2,Beans Direct Ltd,transfer
2025-07-16T00:00:00.000,None,451.32,1054800004388-20250716,"4,150.12",c1,Card Settlement,card
2025-07-17T00:00:00.000,,390.44,1054800004388-20250717,"4,540.56",c1,Card Settlement,card
2025-07-17T00:00:00.000,\N,256.55,TT25198EZ5TR,"4,797.11",c10,Cash Deposit,cash
2025-07-17T00:00:00.000,92.70,None,TT25198XLYKL,"4,704.41",c4,Muffin Top Bakery,transfer
2025-07-18T00:00:00.000,\N,546.25,1054800004388-20250718,"5,250.66",c1,Card Settlement,card
2025-07-18T00:00:00.000,72.71,None,TT25199XRSXT,"5,177.95",c3,Dairy Co,transfer
2025-07-18T00:00:00.000,85.62,0.00,TT25199KWYYQ,"5,092.33",c4,Muffin Top Bakery,transfer
2025-07-19T00:00:00.000,,550.23,1054800004388-20250719,"5,642.56",c1,Card Settlement,card
2025-07-20T00:00:00.000,None,501.55,1054800004388-20250720,"6,144.11",c1,Card Settlement,card
2025-07-20T00:00:00.000,97.46,,TT25201EHELY,"6,046.65",c3,Dairy Co,transfer
2025-07-20T00:00:00.000,188.97,None,TT25201DD3AL,"5,857.68",c7,City Power,standing_order
2025-07-21T00:00:00.000,0.00,412.13,1054800004388-20250721,"6,269.81",c1,Card Settlement,card
2025-07-21T00:00:00.000,58.15,,TT252024ZPKT,"6,211.66",c2,Beans Direct Ltd,transfer
2025-07-22T00:00:00.000,\N,508.78,1054800004388-20250722,"6,720.44",c1,Card Settlement,card
2025-07-22T00:00:00.000,242.08,\N,TT25203L7ANC,"6,478.36",c2,Beans Direct Ltd,transfer
2025-07-22T00:00:00.000,131.48,,TT25203VC4F9,"6,346.88",c4,Muffin Top Bakery,transfer
2025-07-23T00:00:00.000,,449.37,1054800004388-20250723,"6,796.25",c1,Card Settlement,card
2025-07-23T00:00:00.000,121.81,\N,TT25204R0A4N,"6,674.44",c3,Dairy Co,transfer
2025-07-24T00:00:00.000,,411.93,1054800004388-20250724,"7,086.37",c1,Card Settlement,card
2025-07-24T00:00:00.000,184.77,None,TT25205KRE5C,"6,901.60",c2,Beans Direct Ltd,transfer
2025-07-25T00:00:00.000,\N,550.94,1054800004388-20250725,"7,452.54",c1,Card Settlement,card
2025-07-25T00:00:00.000,131.20,,TT25206YVMFK,"7,321.34",c3,Dairy Co,transfer
2025-07-25T00:00:00.000,74.99,\N,FT25206WKLRG,"7,246.35",c11,Card Machine Fees,card
2025-07-26T00:00:00.000,,609.73,1054800004388-20250726,"7,856.08",c1,Card Settlement,card
2025-07-26T00:00:00.000,136.83,,TT25207D3MCZ,"7,719.25",c4,Muffin Top Bakery,transfer
2025-07-27T00:00:00.000,0.00,574.50,1054800004388-20250727,"8,293.75",c1,Card Settlement,card
2025-07-27T00:00:00.000,94.33,None,TT25208U96Q9,"8,199.42",c2,Beans Direct Ltd,transfer
2025-07-28T00:00:00.000,\N,385.46,1054800004388-20250728,"8,584.88",c1,Card Settlement,card
2025-07-28T00:00:00.000,292.05,,TT25209V0E93,"8,292.83",c2,Beans Direct Ltd,transfer
2025-07-28T00:00:00.000,58.72,None,TT25209CPPRJ,"8,234.11",c3,Dairy Co,transfer
2025-07-28T00:00:00.000,"4,295.04",\N,TT25209K7TD3,"3,939.07",c5,Cozy Bean Payroll,standing_order
2025-07-28T00:00:00.000,165.55,,TT25209E8E51,"3,773.52",c3,Dairy Co,transfer
2025-07-29T00:00:00.000,,368.44,1054800004388-20250729,"4,141.96",c1,Card Settlement,card
2025-07-29T00:00:00.000,\N,406.72,TT25210CPM7D,"4,548.68",c10,Cash Deposit,cash
2025-07-29T00:00:00.000,100.62,,TT25210SYRT2,"4,448.06",c4,Muffin Top Bakery,transfer
2025-07-30T00:00:00.000,,412.83,1054800004388-20250730,"4,860.89",c1,Card Settlement,card
2025-07-30T00:00:00.000,60.37,\N,TT25211B66DS,"4,800.52",c3,Dairy Co,transfer
2025-07-31T00:00:00.000,None,583.55,1054800004388-20250731,"5,384.07",c1,Card Settlement,card
2025-07-31T00:00:00.000,78.23,\N,TT2521206C6T,"5,305.84",c3,Dairy Co,transfer
2025-07-31T00:00:00.000,135.61,\N,TT252128K050,"5,170.23",c3,Dairy Co,transfer
2025-08-01T00:00:00.000,\N,492.72,1054800004388-20250801,"5,662.95",c1,Card Settlement,card
2025-08-01T00:00:00.000,"1,850.00",None,TT25213219U9,"3,812.95",c6,Riverside Lettings,standing_order
2025-08-02T00:00:00.000,None,611.85,1054800004388-20250802,"4,424.80",c1,Card Settlement,card
2025-08-02T00:00:00.000,150.04,\N,TT25214PVQ84,"4,274.76",c4,Muffin Top Bakery,transfer
2025-08-03T00:00:00.000,,667.85,1054800004388-20250803,"4,942.61",c1,Card Settlement,card
2025-08-03T00:00:00.000,144.46,\N,TT25215SCG6W,"4,798.15",c3,Dairy Co,transfer
2025-08-03T00:00:00.000,157.89,\N,TT25215W00TP,"4,640.26",c3,Dairy Co,transfer
2025-08-04T00:00:00.000,0.00,548.78,1054800004388-20250804,"5,189.04",c1,Card Settlement,card
2025-08-05T00:00:00.000,None,553.70,1054800004388-20250805,"5,742.74",c1,Card Settlement,card
2025-08-05T00:00:00.000,None,294.74,TT252178QTHC,"6,037.48",c10,Cash Deposit,cash
31/02/2026,246.71,0.00,TT25217VFWYN,"5,790.77",c2,Beans Direct Ltd,transfer
2025-08-05T00:00:00.000,85.70,0.00,TT25217ZBQZG,"5,705.07",c4,Muffin Top Bakery,transfer
2025-08-05T00:00:00.000,85.24,,TT25217P1TER,"5,619.83",c3,Dairy Co,transfer
2025-08-06T00:00:00.000,0.00,580.24,1054800004388-20250806,"6,200.07",c1,Card Settlement,card
2025-08-06T00:00:00.000,70.02,\N,TT25218AM750,"6,130.05",c3,Dairy Co,transfer
2025-08-07T00:00:00.000,None,391.50,1054800004388-20250807,"6,521.55",c1,Card Settlement,card
2025-08-07T00:00:00.000,109.09,,TT25219BLTDB,"6,412.46",c3,Dairy Co,transfer
2025-08-08T00:00:00.000,\N,498.41,1054800004388-20250808,"6,910.87",c1,Card Settlement,card
2025-08-08T00:00:00.000,398.78,\N,TT25220Z0VJK,"6,512.09",c12,Insurance & Licences,standing_order
2025-08-08T00:00:00.000,87.83,,TT252203J641,"6,424.26",c4,Muffin Top Bakery,transfer
2025-08-09T00:00:00.000,,549.56,1054800004388-20250809,"6,973.82",c1,Card Settlement,card
2025-08-10T00:00:00.000,,650.22,1054800004388-20250810,"7,624.04",c1,Card Settlement,card
2025-08-10T00:00:00.000,114.55,None,TT25222UMQ85,"7,509.49",c3,Dairy Co,transfer
2025-08-10T00:00:00.000,145.12,\N,TT252221TZ1N,"7,364.37",c4,Muffin Top Bakery,transfer
2025-08-11T00:00:00.000,None,475.14,1054800004388-20250811,"7,839.51",c1,Card Settlement,card
2025-08-11T00:00:00.000,299.09,None,TT252232NXVM,"7,540.42",c2,Beans Direct Ltd,transfer
2025-08-11T00:00:00.000,124.57,0.00,TT25223Q0C6S,"7,415.85",c2,Beans Direct Ltd,transfer
2025-08-12T00:00:00.000,\N,538.09,1054800004388-20250812,"7,953.94",c1,Card Settlement,card
2025-08-13T00:00:00.000,None,381.50,1054800004388-20250813,"8,335.44",c1,Card Settlement,card
2025-08-13T00:00:00.000,,246.01,TT25225M7FK6,"8,581.45",c10,Cash Deposit,cash
2025-08-13T00:00:00.000,140.43,\N,TT25225353QU,"8,441.02",c3,Dairy Co,transfer
2025-08-13T00:00:00.000,100.31,None,TT25225CTK2C,"8,340.71",c4,Muffin Top Bakery,transfer
2025-08-14T00:00:00.000,None,513.26,1054800004388-20250814,"8,853.97",c1,Card Settlement,card
2025-08-14T00:00:00.000,"4,343.87",None,TT25226P9020,"4,510.10",c5,Cozy Bean Payroll,standing_order
2025-08-14T00:00:00.000,0.00,0.00,TT252266QXRA,"4,510.10",c0,Statement Memo,transfer
2025-08-15T00:00:00.000,0.00,419.92,1054800004388-20250815,"4,930.02",c1,Card Settlement,card
2025-08-15T00:00:00.000,147.51,,TT25227Q83TA,"4,782.51",c4,Muffin Top Bakery,transfer
2025-08-16T00:00:00.000,0.00,470.03,1054800004388-20250816,"5,252.54",c1,Card Settlement,card
2025-08-16T00:00:00.000,63.20,,TT25228BE1T5,"5,189.34",c3,Dairy Co,transfer
2025-08-16T00:00:00.000,99.15,\N,TT25228FZNAM,"5,090.19",c3,Dairy Co,transfer
2025-08-17T00:00:00.000,\N,427.23,1054800004388-20250817,"5,517.42",c1,Card Settlement,card
2025-08-18T00:00:00.000,None,387.37,1054800004388-20250818,"5,904.79",c1,Card Settlement,card
2025-08-18T00:00:00.000,249.81,\N,TT25230C91LG,"5,654.98",c2,Beans Direct Ltd,transfer
2025-08-18T00:00:00.000,164.76,,TT25230D2RHW,"5,490.22",c4,Muffin Top Bakery,transfer
2025-08-18T00:00:00.000,88.42,,TT25230HSAHH,"5,401.80",c3,Dairy Co,transfer
2025-08-19T00:00:00.000,,546.61,1054800004388-20250819,"5,948.41",c1,Card Settlement,card
2025-08-19T00:00:00.000,0.00,0.00,TT25231K4CXB,"5,948.41",c0,Statement Memo,transfer
2025-08-20T00:00:00.000,\N,436.98,1054800004388-20250820,"6,385.39",c1,Card Settlement,card
2025-08-20T00:00:00.000,115.61,\N,TT25232J96BD,"6,269.78",c3,Dairy Co,transfer
2025-08-20T00:00:00.000,271.23,\N,TT25232QGMPJ,"5,998.55",c7,City Power,standing_order
2025-08-20T00:00:00.000,126.67,\N,TT25232APSZQ,"5,871.88",c4,Muffin Top Bakery,transfer
2025-08-21T00:00:00.000,\N,578.80,1054800004388-20250821,"6,450.68",c1,Card Settlement,card
2025-08-21T00:00:00.000,141.59,,TT25233XHA7V,"6,309.09",c4,Muffin Top Bakery,transfer
2025-08-21T00:00:00.000,169.34,\N,TT25233JVNTK,"6,139.75",c2,Beans Direct Ltd,transfer
2025-08-22T00:00:00.000,\N,375.96,1054800004388-20250822,"6,515.71",c1,Card Settlement,card
2025-08-22T00:00:00.000,None,225.92,TT25234SQL91,"6,741.63",c10,Cash Deposit,cash
2025-08-22T00:00:00.000,81.34,,TT2523457YND,"6,660.29",c2,Beans Direct Ltd,transfer
2025-08-23T00:00:00.000,None,484.13,1054800004388-20250823,"7,144.42",c1,Card Settlement,card
2025-08-23T00:00:00.000,89.16,\N,TT25235KW3X4,"7,055.26",c3,Dairy Co,transfer
2025-08-23T00:00:00.000,0.00,0.00,TT25235MUFVQ,"7,055.26",c0,Statement Memo,transfer
2025-08-24T00:00:00.000,None,613.18,1054800004388-20250824,"7,668.44",c1,Card Settlement,card
2025-08-24T00:00:00.000,78.71,None,TT252369XUCJ,"7,589.73",c4,Muffin Top Bakery,transfer
2025-08-24T00:00:00.000,100.16,\N,TT252368FR6Z,"7,489.57",c3,Dairy Co,transfer
2025-08-24T00:00:00.000,74.59,\N,TT25236QKD2R,"7,414.98",c3,Dairy Co,transfer
2025-08-24T00:00:00.000,163.04,\N,TT25236862Q7,"7,251.94",c3,Dairy Co,transfer
2025-08-25T00:00:00.000,None,461.78,1054800004388-20250825,"7,713.72",c1,Card Settlement,card
2025-08-25T00:00:00.000,286.09,,TT25237WV66G,"7,427.63",c2,Beans Direct Ltd,transfer
2025-08-25T00:00:00.000,142.12,\N,TT252370J4AZ,"7,285.51",c4,Muffin Top Bakery,transfer
2025-08-25T00:00:00.000,76.48,None,FT25237U38XA,"7,209.03",c11,Card Machine Fees,card
2025-08-26T00:00:00.000,0.00,373.96,1054800004388-20250826,"7,582.99",c1,Card Settlement,card
2025-08-26T00:00:00.000,59.37,\N,TT25238ZKXVH,"7,523.62",c3,Dairy Co,transfer
2025-08-27T00:00:00.000,,493.18,1054800004388-20250827,"8,016.80",c1,Card Settlement,card
2025-08-27T00:00:00.000,165.48,None,TT25239X7A9E,"7,851.32",c2,Beans Direct Ltd,transfer
2025-08-27T00:00:00.000,170.27,None,TT25239RZP4T,"7,681.05",c3,Dairy Co,transfer
2025-08-28T00:00:00.000,\N,459.88,1054800004388-20250828,"8,140.93",c1,Card Settlement,card
2025-08-28T00:00:00.000,"4,506.05",\N,TT25240VV5LM,"3,634.88",c5,Cozy Bean Payroll,standing_order
2025-08-28T00:00:00.000,79.62,\N,TT25240M56MD,"3,555.26",c4,Muffin Top Bakery,transfer
2025-08-28T00:00:00.000,74.19,0.00,TT252408DXD5,"3,481.07",c3,Dairy Co,transfer
2025-08-29T00:00:00.000,None,357.24,1054800004388-20250829,"3,838.31",c1,Card Settlement,card
2025-08-29T00:00:00.000,0.00,409.75,TT25241926CR,"4,248.06",c10,Cash Deposit,cash
2025-08-29T00:00:00.000,101.84,\N,TT25241YZ2S0,"4,146.22",c4,Muffin Top Bakery,transfer
2025-08-30T00:00:00.000,\N,537.15,1054800004388-20250830,"4,683.37",c1,Card Settlement,card
2025-08-30T00:00:00.000,119.45,,TT25242XP5SE,"4,563.92",c3,Dairy Co,transfer
2025-08-31T00:00:00.000,\N,464.02,1054800004388-20250831,"5,027.94",c1,Card Settlement,card
2025-09-01T00:00:00.000,,352.73,1054800004388-20250901,"5,380.67",c1,Card Settlement,card
2025-09-01T00:00:00.000,318.02,\N,TT25244J7V1K,"5,062.65",c2,Beans Direct Ltd,transfer
2025-09-01T00:00:00.000,135.21,None,TT25244R6FCM,"4,927.44",c3,Dairy Co,transfer
2025-09-01T00:00:00.000,"1,850.00",0.00,TT25244Y39LH,"3,077.44",c6,Riverside Lettings,standing_order
not recorded,None,519.04,1054800004388-20250902,"3,596.48",c1,Card Settlement,card
2025-09-02T00:00:00.000,74.95,\N,TT25245XQPE4,"3,521.53",c4,Muffin Top Bakery,transfer
2025-09-02T00:00:00.000,169.15,\N,TT25245YVKE5,"3,352.38",c2,Beans Direct Ltd,transfer
2025-09-02T00:00:00.000,0.00,0.00,TT2524527H0K,"3,352.38",c0,Statement Memo,transfer
2025-09-03T00:00:00.000,\N,512.67,1054800004388-20250903,"3,865.05",c1,Card Settlement,card
2025-09-03T00:00:00.000,79.21,,TT25246RMB7H,"3,785.84",c3,Dairy Co,transfer
2025-09-04T00:00:00.000,,358.21,1054800004388-20250904,"4,144.05",c1,Card Settlement,card
2025-09-05T00:00:00.000,None,488.38,1054800004388-20250905,"4,632.43",c1,Card Settlement,card
2025-09-05T00:00:00.000,129.37,\N,TT2524831SS5,"4,503.06",c3,Dairy Co,transfer
2025-09-05T00:00:00.000,153.29,\N,TT25248EEHEN,"4,349.77",c4,Muffin Top Bakery,transfer
2025-09-05T00:00:00.000,133.91,\N,TT25248T7W7G,"4,215.86",c3,Dairy Co,transfer
2025-09-06T00:00:00.000,,699.47,1054800004388-20250906,"4,915.33",c1,Card Settlement,card
2025-09-07T00:00:00.000,\N,510.57,1054800004388-20250907,"5,425.90",c1,Card Settlement,card
2025-09-07T00:00:00.000,202.92,\N,TT25250HCLJ8,"5,222.98",c2,Beans Direct Ltd,transfer
2025-09-08T00:00:00.000,,432.49,1054800004388-20250908,"5,655.47",c1,Card Settlement,card
2025-09-08T00:00:00.000,102.34,\N,TT25251WAUPL,"5,553.13",c3,Dairy Co,transfer
2025-09-09T00:00:00.000,\N,540.12,1054800004388-20250909,"6,093.25",c1,Card Settlement,card
2025-09-09T00:00:00.000,73.26,0.00,TT252523BNUB,"6,019.99",c3,Dairy Co,transfer
2025-09-09T00:00:00.000,97.56,0.00,TT25252W6CYE,"5,922.43",c3,Dairy Co,transfer
2025-09-10T00:00:00.000,,539.15,1054800004388-20250910,"6,461.58",c1,Card Settlement,card
2025-09-10T00:00:00.000,0.00,363.35,TT252530SJ6C,"6,824.93",c10,Cash Deposit,cash
2025-09-10T00:00:00.000,84.37,\N,TT25253K8UP8,"6,740.56",c4,Muffin Top Bakery,transfer
2025-09-11T00:00:00.000,\N,360.55,1054800004388-20250911,"7,101.11",c1,Card Settlement,card
2025-09-12T00:00:00.000,None,409.15,1054800004388-20250912,"7,510.26",c1,Card Settlement,card
2025-09-12T00:00:00.000,91.09,,TT25255ASEQJ,"7,419.17",c3,Dairy Co,transfer
2025-09-13T00:00:00.000,,528.28,1054800004388-20250913,"7,947.45",c1,Card Settlement,card
2025-09-13T00:00:00.000,317.28,,TT252569YFB9,"7,630.17",c2,Beans Direct Ltd,transfer
2025-09-13T00:00:00.000,138.63,\N,TT252567HG85,"7,491.54",c4,Muffin Top Bakery,transfer
2025-09-13T00:00:00.000,165.98,\N,TT25256J1EXB,"7,325.56",c4,Muffin Top Bakery,transfer
2025-09-14T00:00:00.000,\N,438.68,1054800004388-20250914,"7,764.24",c1,Card Settlement,card
2025-09-14T00:00:00.000,85.58,,TT252579J7W9,"7,678.66",c3,Dairy Co,transfer
2025-09-14T00:00:00.000,"4,191.37",0.00,TT25257EP3A4,"3,487.29",c5,Cozy Bean Payroll,standing_order
2025-09-14T00:00:00.000,115.23,0.00,TT252577RG20,"3,372.06",c2,Beans Direct Ltd,transfer
2025-09-14T00:00:00.000,170.53,,TT25257AMMTY,"3,201.53",c4,Muffin Top Bakery,transfer
2025-09-15T00:00:00.000,,350.12,1054800004388-20250915,"3,551.65",c1,Card Settlement,card
2025-09-16T00:00:00.000,\N,478.65,1054800004388-20250916,"4,030.30",c1,Card Settlement,card
2025-09-16T00:00:00.000,86.82,\N,TT25259M8N3R,"3,943.48",c3,Dairy Co,transfer
2025-09-17T00:00:00.000,\N,402.71,1054800004388-20250917,"4,346.19",c1,Card Settlement,card
2025-09-17T00:00:00.000,80.89,0.00,TT25260T8M52,"4,265.30",c4,Muffin Top Bakery,transfer
2025-09-18T00:00:00.000,0.00,351.99,1054800004388-20250918,"4,617.29",c1,Card Settlement,card
2025-09-18T00:00:00.000,65.84,0.00,TT25261S69QU,"4,551.45",c3,Dairy Co,transfer
2025-09-19T00:00:00.000,None,404.75,1054800004388-20250919,"4,956.20",c1,Card Settlement,card
2025-09-19T00:00:00.000,265.85,0.00,TT25262RKWSR,"4,690.35",c2,Beans Direct Ltd,transfer
2025-09-20T00:00:00.000,,710.54,1054800004388-20250920,"5,400.89",c1,Card Settlement,card
2025-09-20T00:00:00.000,171.17,None,TT25263MASWE,"5,229.72",c7,City Power,standing_order
2025-09-21T00:00:00.000,\N,446.61,1054800004388-20250921,"5,676.33",c1,Card Settlement,card
2025-09-21T00:00:00.000,70.40,None,TT25264Y0540,"5,605.93",c3,Dairy Co,transfer
2025-09-21T00:00:00.000,110.24,0.00,TT25264R8WGN,"5,495.69",c4,Muffin Top Bakery,transfer
2025-09-22T00:00:00.000,\N,511.78,1054800004388-20250922,"6,007.47",c1,Card Settlement,card
2025-09-23T00:00:00.000,\N,348.75,1054800004388-20250923,"6,356.22",c1,Card Settlement,card
2025-09-23T00:00:00.000,0.00,282.58,TT25266WWTBF,"6,638.80",c10,Cash Deposit,cash
2025-09-23T00:00:00.000,53.45,0.00,TT25266UMG6B,"6,585.35",c4,Muffin Top Bakery,transfer
2025-09-24T00:00:00.000,None,470.28,1054800004388-20250924,"7,055.63",c1,Card Settlement,card
2025-09-24T00:00:00.000,107.91,None,TT25267PXCPY,"6,947.72",c3,Dairy Co,transfer
2025-09-25T00:00:00.000,\N,375.89,1054800004388-20250925,"7,323.61",c1,Card Settlement,card
2025-09-25T00:00:00.000,151.36,,TT25268ZZQ61,"7,172.25",c4,Muffin Top Bakery,transfer
2025-09-25T00:00:00.000,77.39,0.00,FT25268YQK1E,"7,094.86",c11,Card Machine Fees,card
2025-09-25T00:00:00.000,0.00,0.00,TT25268DVMBF,"7,094.86",c0,Statement Memo,transfer
2025-09-26T00:00:00.000,,579.76,1054800004388-20250926,"7,674.62",c1,Card Settlement,card
2025-09-27T00:00:00.000,\N,617.92,1054800004388-20250927,"8,292.54",c1,Card Settlement,card
2025-09-27T00:00:00.000,288.27,None,TT25270WUHV2,"8,004.27",c2,Beans Direct Ltd,transfer
2025-09-28T00:00:00.000,0.00,461.95,1054800004388-20250928,"8,466.22",c1,Card Settlement,card
2025-09-28T00:00:00.000,119.58,\N,TT252711GB8W,"8,346.64",c3,Dairy Co,transfer
2025-09-28T00:00:00.000,"4,316.29",,TT25271WV5BF,"4,030.35",c5,Cozy Bean Payroll,standing_order
2025-09-28T00:00:00.000,152.91,,TT252716RPLZ,"3,877.44",c2,Beans Direct Ltd,transfer
2025-09-29T00:00:00.000,None,353.22,1054800004388-20250929,"4,230.66",c1,Card Settlement,card
2025-09-29T00:00:00.000,112.86,None,TT25272UB69M,"4,117.80",c4,Muffin Top Bakery,transfer
2025-09-30T00:00:00.000,,488.11,1054800004388-20250930,"4,605.91",c1,Card Settlement,card
2025-10-01T00:00:00.000,\N,549.62,1054800004388-20251001,"5,155.53",c1,Card Settlement,card
2025-10-01T00:00:00.000,"1,850.00",0.00,TT25274UUDXY,"3,305.53",c6,Riverside Lettings,standing_order
2025-10-02T00:00:00.000,0.00,454.50,1054800004388-20251002,"3,760.03",c1,Card Settlement,card
2025-10-02T00:00:00.000,\N,453.30,TT25275XA7QM,"4,213.33",c10,Cash Deposit,cash
2025-10-02T00:00:00.000,117.19,\N,TT2527579HGX,"4,096.14",c3,Dairy Co,transfer
2025-10-03T00:00:00.000,\N,372.58,1054800004388-20251003,"4,468.72",c1,Card Settlement,card
2025-10-03T00:00:00.000,86.50,\N,TT25276LFQQQ,"4,382.22",c4,Muffin Top Bakery,transfer
2025-10-04T00:00:00.000,\N,490.30,1054800004388-20251004,"4,872.52",c1,Card Settlement,card
2025-10-04T00:00:00.000,286.46,None,TT25277KX8NM,"4,586.06",c2,Beans Direct Ltd,transfer
2025-10-04T00:00:00.000,186.78,\N,TT25277HH6YT,"4,399.28",c3,Dairy Co,transfer
2025-10-05T00:00:00.000,,462.32,1054800004388-20251005,"4,861.60",c1,Card Settlement,card
2025-10-05T00:00:00.000,71.84,\N,TT252788CLGR,"4,789.76",c3,Dairy Co,transfer
2025-10-05T00:00:00.000,0.00,0.00,TT25278JJERS,"4,789.76",c0,Statement Memo,transfer
2025-10-06T00:00:00.000,,513.42,1054800004388-20251006,"5,303.18",c1,Card Settlement,card
2025-10-06T00:00:00.000,103.99,0.00,TT252792CYMK,"5,199.19",c3,Dairy Co,transfer
2025-10-07T00:00:00.000,,420.25,1054800004388-20251007,"5,619.44",c1,Card Settlement,card
2025-10-07T00:00:00.000,151.93,\N,TT25280LLLDJ,"5,467.51",c4,Muffin Top Bakery,transfer
2025-10-08T00:00:00.000,\N,454.22,1054800004388-20251008,"5,921.73",c1,Card Settlement,card
2025-10-08T00:00:00.000,69.51,,TT25281SQ8TW,"5,852.22",c4,Muffin Top Bakery,transfer
2025-10-09T00:00:00.000,,538.65,1054800004388-20251009,"6,390.87",c1,Card Settlement,card
2025-10-09T00:00:00.000,166.72,\N,TT25282B5DSC,"6,224.15",c3,Dairy Co,transfer
2025-10-10T00:00:00.000,,582.52,1054800004388-20251010,"6,806.67",c1,Card Settlement,card
2025-10-10T00:00:00.000,89.32,\N,TT252835CSCK,"6,717.35",c3,Dairy Co,transfer
2025-10-10T00:00:00.000,123.14,,TT252833E5NK,"6,594.21",c4,Muffin Top Bakery,transfer
2025-10-10T00:00:00.000,171.91,None,TT25283Z3SNK,"6,422.30",c2,Beans Direct Ltd,transfer
2025-10-11T00:00:00.000,,643.09,1054800004388-20251011,"7,065.39",c1,Card Settlement,card
2025-10-11T00:00:00.000,143.23,\N,TT252848ABPF,"6,922.16",c4,Muffin Top Bakery,transfer
2025-10-12T00:00:00.000,\N,549.64,1054800004388-20251012,"7,471.80",c1,Card Settlement,card
2025-10-12T00:00:00.000,\N,339.26,TT25285KQHHP,"7,811.06",c10,Cash Deposit,cash
2025-10-12T00:00:00.000,220.21,None,TT25285R3QEV,"7,590.85",c2,Beans Direct Ltd,transfer
2025-10-12T00:00:00.000,93.47,\N,TT25285SSXVH,"7,497.38",c3,Dairy Co,transfer
2025-10-13T00:00:00.000,None,373.85,1054800004388-20251013,"7,871.23",c1,Card Settlement,card
2025-10-13T00:00:00.000,183.19,,TT252862RFJ9,"7,688.04",c3,Dairy Co,transfer
2025-10-14T00:00:00.000,,585.72,1054800004388-20251014,"8,273.76",c1,Card Settlement,card
2025-10-14T00:00:00.000,"4,276.66",,TT25287M59D1,"3,997.10",c5,Cozy Bean Payroll,standing_order
2025-10-14T00:00:00.000,183.50,None,TT25287XPURC,"3,813.60",c2,Beans Direct Ltd,transfer
2025-10-15T00:00:00.000,\N,355.78,1054800004388-20251015,"4,169.38",c1,Card Settlement,card
2025-10-15T00:00:00.000,86.50,,TT25288R854K,"4,082.88",c4,Muffin Top Bakery,transfer
2025-10-15T00:00:00.000,134.59,0.00,TT25288P9CX8,"3,948.29",c2,Beans Direct Ltd,transfer
2025-10-16T00:00:00.000,0.00,377.68,1054800004388-20251016,"4,325.97",c1,Card Settlement,card
2025-10-16T00:00:00.000,84.05,None,TT25289YAXSP,"4,241.92",c3,Dairy Co,transfer
2025-10-16T00:00:00.000,112.69,None,TT25289R9YP1,"4,129.23",c3,Dairy Co,transfer
2025-10-16T00:00:00.000,115.58,None,TT25289BJ3K6,"4,013.65",c4,Muffin Top Bakery,transfer
2025-10-17T00:00:00.000,,424.81,1054800004388-20251017,"4,438.46",c1,Card Settlement,card
2025-10-18T00:00:00.000,0.00,558.83,1054800004388-20251018,"4,997.29",c1,Card Settlement,card
2025-10-19T00:00:00.000,,523.99,1054800004388-20251019,"5,521.28",c1,Card Settlement,card
2025-10-19T00:00:00.000,300.28,,TT2529260SLT,"5,221.00",c2,Beans Direct Ltd,transfer
2025-10-20T00:00:00.000,\N,383.93,1054800004388-20251020,"5,604.93",c1,Card Settlement,card
2025-10-20T00:00:00.000,62.73,,TT25293NBNL8,"5,542.20",c3,Dairy Co,transfer
2025-10-20T00:00:00.000,84.30,\N,TT25293XFPQK,"5,457.90",c4,Muffin Top Bakery,transfer
2025-10-20T00:00:00.000,314.95,,TT25293HXN1Z,"5,142.95",c7,City Power,standing_order
2025-10-20T00:00:00.000,50.33,\N,TT2529395GXF,"5,092.62",c3,Dairy Co,transfer
2025-10-21T00:00:00.000,,353.29,1054800004388-20251021,"5,445.91",c1,Card Settlement,card
2025-10-22T00:00:00.000,\N,362.99,1054800004388-20251022,"5,808.90",c1,Card Settlement,card
2025-10-22T00:00:00.000,140.48,None,TT25295M314Z,"5,668.42",c3,Dairy Co,transfer
2025-10-22T00:00:00.000,186.48,\N,TT25295SKQX5,"5,481.94",c2,Beans Direct Ltd,transfer
2025-10-23T00:00:00.000,\N,391.55,1054800004388-20251023,"5,873.49",c1,Card Settlement,card
2025-10-24T00:00:00.000,\N,374.32,1054800004388-20251024,"6,247.81",c1,Card Settlement,card
2025-10-24T00:00:00.000,82.13,,TT25297TN9MQ,"6,165.68",c4,Muffin Top Bakery,transfer
2025-10-24T00:00:00.000,122.62,,TT25297M9U2G,"6,043.06",c2,Beans Direct Ltd,transfer
2025-10-25T00:00:00.000,\N,650.29,1054800004388-20251025,"6,693.35",c1,Card Settlement,card
2025-10-25T00:00:00.000,,431.62,TT252987CDY7,"7,124.97",c10,Cash Deposit,cash
2025-10-25T00:00:00.000,274.75,\N,TT25298X99FE,"6,850.22",c2,Beans Direct Ltd,transfer
2025-10-25T00:00:00.000,70.06,,FT252984MJTE,"6,780.16",c11,Card Machine Fees,card
2025-10-25T00:00:00.000,184.63,None,TT25298ECHQR,"6,595.53",c2,Beans Direct Ltd,transfer
2025-10-25T00:00:00.000,168.65,\N,TT25298ETTJR,"6,426.88",c4,Muffin Top Bakery,transfer
2025-10-26T00:00:00.000,\N,544.19,1054800004388-20251026,"6,971.07",c1,Card Settlement,card
2025-10-26T00:00:00.000,98.53,None,TT252997R5HH,"6,872.54",c3,Dairy Co,transfer
2025-10-26T00:00:00.000,127.66,0.00,TT25299JU4YG,"6,744.88",c3,Dairy Co,transfer
2025-10-26T00:00:00.000,0.00,0.00,TT25299KA52P,"6,744.88",c0,Statement Memo,transfer
2025-10-26T00:00:00.000,0.00,0.00,TT25299FK4BJ,"6,744.88",c0,Statement Memo,transfer
2025-10-27T00:00:00.000,\N,404.05,1054800004388-20251027,"7,148.93",c1,Card Settlement,card
2025-10-27T00:00:00.000,80.51,,TT25300F6MVD,"7,068.42",c4,Muffin Top Bakery,transfer
2025-10-27T00:00:00.000,179.55,0.00,TT25300RFEM4,"6,888.87",c2,Beans Direct Ltd,transfer
2025-10-28T00:00:00.000,None,356.49,1054800004388-20251028,"7,245.36",c1,Card Settlement,card
2025-10-28T00:00:00.000,69.87,\N,TT25301YKH7C,"7,175.49",c3,Dairy Co,transfer
2025-10-28T00:00:00.000,"4,394.39",\N,TT25301Y58U7,"2,781.10",c5,Cozy Bean Payroll,standing_order
2025-10-28T00:00:00.000,155.66,\N,TT25301CEVBG,"2,625.44",c4,Muffin Top Bakery,transfer
2025-10-29T00:00:00.000,,524.09,1054800004388-20251029,"3,149.53",c1,Card Settlement,card
2025-10-29T00:00:00.000,167.84,\N,TT2530277CLH,"2,981.69",c4,Muffin Top Bakery,transfer
2025-10-29T00:00:00.000,121.92,None,TT2530259YQ4,"2,859.77",c3,Dairy Co,transfer
2025-10-29T00:00:00.000,125.87,,TT25302BGK8R,"2,733.90",c3,Dairy Co,transfer
2025-10-30T00:00:00.000,,542.25,1054800004388-20251030,"3,276.15",c1,Card Settlement,card
2025-10-31T00:00:00.000,None,348.85,1054800004388-20251031,"3,625.00",c1,Card Settlement,card
2025-10-31T00:00:00.000,333.83,\N,TT25304A1Q77,"3,291.17",c2,Beans Direct Ltd,transfer
2025-11-01T00:00:00.000,0.00,597.18,1054800004388-20251101,"3,888.35",c1,Card Settlement,card
2025-11-01T00:00:00.000,130.35,None,TT253053Y0SV,"3,758.00",c3,Dairy Co,transfer
2025-11-01T00:00:00.000,139.96,,TT25305NNP5B,"3,618.04",c4,Muffin Top Bakery,transfer
2025-11-01T00:00:00.000,"1,850.00",\N,TT253053WLS9,"1,768.04",c6,Riverside Lettings,standing_order
2025-11-01T00:00:00.000,152.87,\N,TT253057D2EL,"1,615.17",c2,Beans Direct Ltd,transfer
2025-11-02T00:00:00.000,None,745.13,1054800004388-20251102,"2,360.30",c1,Card Settlement,card
2025-11-02T00:00:00.000,105.38,,TT25306E5RVW,"2,254.92",c3,Dairy Co,transfer
2025-11-02T00:00:00.000,0.00,0.00,TT253067PLE6,"2,254.92",c0,Statement Memo,transfer
2025-11-03T00:00:00.000,None,387.01,1054800004388-20251103,"2,641.93",c1,Card Settlement,card
2025-11-03T00:00:00.000,113.40,None,TT25307SGX81,"2,528.53",c3,Dairy Co,transfer
2025-11-03T00:00:00.000,0.00,0.00,TT25307E4DD5,"2,528.53",c0,Statement Memo,transfer
2025-11-04T00:00:00.000,\N,385.86,1054800004388-20251104,"2,914.39",c1,Card Settlement,card
2025-11-04T00:00:00.000,109.05,None,TT2530802BVA,"2,805.34",c4,Muffin Top Bakery,transfer
2025-11-04T00:00:00.000,100.83,,TT25308VR4NU,"2,704.51",c3,Dairy Co,transfer
2025-11-05T00:00:00.000,,524.66,1054800004388-20251105,"3,229.17",c1,Card Settlement,card
2025-11-05T00:00:00.000,None,417.67,TT25309S7G22,"3,646.84",c10,Cash Deposit,cash
2025-11-06T00:00:00.000,,483.71,1054800004388-20251106,"4,130.55",c1,Card Settlement,card
2025-11-07T00:00:00.000,,403.62,1054800004388-20251107,"4,534.17",c1,Card Settlement,card
2025-11-07T00:00:00.000,110.93,0.00,TT25311WP7X3,"4,423.24",c3,Dairy Co,transfer
2025-11-07T00:00:00.000,111.65,,TT25311278GG,"4,311.59",c3,Dairy Co,transfer
2025-11-08T00:00:00.000,,683.33,1054800004388-20251108,"4,994.92",c1,Card Settlement,card
2025-11-08T00:00:00.000,198.66,,TT253125JVKZ,"4,796.26",c2,Beans Direct Ltd,transfer
2025-11-08T00:00:00.000,101.43,0.00,TT25312379VN,"4,694.83",c4,Muffin Top Bakery,transfer
2025-11-08T00:00:00.000,374.56,,TT253123PAY6,"4,320.27",c12,Insurance & Licences,standing_order
2025-11-09T00:00:00.000,None,746.66,1054800004388-20251109,"5,066.93",c1,Card Settlement,card
2025-11-09T00:00:00.000,97.46,,TT25313MJT6T,"4,969.47",c3,Dairy Co,transfer
2025-11-10T00:00:00.000,None,644.65,1054800004388-20251110,"5,614.12",c1,Card Settlement,card
2025-11-10T00:00:00.000,50.89,None,TT25314XQU38,"5,563.23",c4,Muffin Top Bakery,transfer
2025-11-10T00:00:00.000,0.00,0.00,TT25314WBUPU,"5,563.23",c0,Statement Memo,transfer
2025-11-11T00:00:00.000,\N,581.20,1054800004388-20251111,"6,144.43",c1,Card Settlement,card
2025-11-11T00:00:00.000,139.72,,TT25315B2JEF,"6,004.71",c4,Muffin Top Bakery,transfer
2025-11-11T00:00:00.000,92.64,,TT25315ESEJV,"5,912.07",c3,Dairy Co,transfer
2025-11-12T00:00:00.000,,626.83,1054800004388-20251112,"6,538.90",c1,Card Settlement,card
2025-11-12T00:00:00.000,60.67,,TT25316G8CFH,"6,478.23",c3,Dairy Co,transfer
2025-11-13T00:00:00.000,0.00,541.99,1054800004388-20251113,"7,020.22",c1,Card Settlement,card
2025-11-14T00:00:00.000,,498.67,1054800004388-20251114,"7,518.89",c1,Card Settlement,card
2025-11-14T00:00:00.000,"4,347.37",,TT25318UYJUY,"3,171.52",c5,Cozy Bean Payroll,standing_order
2025-11-15T00:00:00.000,,604.75,1054800004388-20251115,"3,776.27",c1,Card Settlement,card
2025-11-15T00:00:00.000,170.11,,TT253191Y86K,"3,606.16",c3,Dairy Co,transfer
2025-11-16T00:00:00.000,\N,570.15,1054800004388-20251116,"4,176.31",c1,Card Settlement,card
2025-11-16T00:00:00.000,,333.83,TT25320HTYAP,"4,510.14",c10,Cash Deposit,cash
2025-11-16T00:00:00.000,241.99,None,TT25320SQNZS,"4,268.15",c2,Beans Direct Ltd,transfer
2025-11-16T00:00:00.000,74.30,None,TT25320RHHUC,"4,193.85",c3,Dairy Co,transfer
2025-11-16T00:00:00.000,126.88,None,TT2532087FZG,"4,066.97",c4,Muffin Top Bakery,transfer
2025-11-16T00:00:00.000,0.00,0.00,TT25320A4E9N,"4,066.97",c0,Statement Memo,transfer
2025-11-17T00:00:00.000,None,484.29,1054800004388-20251117,"4,551.26",c1,Card Settlement,card
2025-11-17T00:00:00.000,0.00,0.00,TT25321Z1T67,"4,551.26",c0,Statement Memo,transfer
2025-11-18T00:00:00.000,None,534.24,1054800004388-20251118,"5,085.50",c1,Card Settlement,card
2025-11-18T00:00:00.000,120.94,0.00,TT253229BZ5H,"4,964.56",c3,Dairy Co,transfer
2025-11-19T00:00:00.000,0.00,450.26,1054800004388-20251119,"5,414.82",c1,Card Settlement,card
2025-11-20T00:00:00.000,None,529.33,1054800004388-20251120,"5,944.15",c1,Card Settlement,card
2025-11-20T00:00:00.000,84.65,,TT25324JR3H1,"5,859.50",c3,Dairy Co,transfer
2025-11-20T00:00:00.000,228.34,\N,TT253242VFRU,"5,631.16",c7,City Power,standing_order
2025-11-21T00:00:00.000,,562.01,1054800004388-20251121,"6,193.17",c1,Card Settlement,card
2025-11-21T00:00:00.000,74.29,\N,TT2532591U69,"6,118.88",c4,Muffin Top Bakery,transfer
2025-11-21T00:00:00.000,0.00,0.00,TT25325VENBA,"6,118.88",c0,Statement Memo,transfer
2025-11-22T00:00:00.000,\N,527.46,1054800004388-20251122,"6,646.34",c1,Card Settlement,card
2025-11-22T00:00:00.000,118.84,\N,TT25326V5FXP,"6,527.50",c3,Dairy Co,transfer
2025-11-23T00:00:00.000,0.00,666.53,1054800004388-20251123,"7,194.03",c1,Card Settlement,card
2025-11-23T00:00:00.000,73.81,None,TT25327TK030,"7,120.22",c4,Muffin Top Bakery,transfer
2025-11-24T00:00:00.000,\N,507.21,1054800004388-20251124,"7,627.43",c1,Card Settlement,card
2025-11-24T00:00:00.000,235.43,0.00,TT253282MA5P,"7,392.00",c2,Beans Direct Ltd,transfer
2025-11-24T00:00:00.000,74.30,0.00,TT25328K5U6T,"7,317.70",c3,Dairy Co,transfer
2025-11-24T00:00:00.000,127.24,None,TT25328CFTA4,"7,190.46",c4,Muffin Top Bakery,transfer
2025-11-25T00:00:00.000,None,485.98,1054800004388-20251125,"7,676.44",c1,Card Settlement,card
2025-11-25T00:00:00.000,67.70,\N,FT253295R37J,"7,608.74",c11,Card Machine Fees,card
2025-11-26T00:00:00.000,0.00,636.48,1054800004388-20251126,"8,245.22",c1,Card Settlement,card
2025-11-26T00:00:00.000,\N,251.27,TT25330MPBUB,"8,496.49",c10,Cash Deposit,cash
2025-11-26T00:00:00.000,188.39,,TT25330QFVUW,"8,308.10",c2,Beans Direct Ltd,transfer
2025-11-27T00:00:00.000,\N,461.39,1054800004388-20251127,"8,769.49",c1,Card Settlement,card
2025-11-28T00:00:00.000,\N,612.53,1054800004388-20251128,"9,382.02",c1,Card Settlement,card
2025-11-28T00:00:00.000,84.36,,TT25332783DS,"9,297.66",c3,Dairy Co,transfer
2025-11-28T00:00:00.000,134.72,0.00,TT253325K4XW,"9,162.94",c4,Muffin Top Bakery,transfer
2025-11-28T00:00:00.000,"4,655.57",None,TT2533214E8C,"4,507.37",c5,Cozy Bean Payroll,standing_order
2025-11-29T00:00:00.000,None,476.39,1054800004388-20251129,"4,983.76",c1,Card Settlement,card
2025-11-30T00:00:00.000,None,735.20,1054800004388-20251130,"5,718.96",c1,Card Settlement,card
2025-11-30T00:00:00.000,187.33,0.00,TT25334HNUPY,"5,531.63",c2,Beans Direct Ltd,transfer
2025-11-30T00:00:00.000,0.00,0.00,TT25334J8XF2,"5,531.63",c0,Statement Memo,transfer
2025-12-01T00:00:00.000,,731.14,1054800004388-20251201,"6,262.77",c1,Card Settlement,card
2025-12-01T00:00:00.000,315.42,\N,TT25335N4SWJ,"5,947.35",c2,Beans Direct Ltd,transfer
2025-12-01T00:00:00.000,92.88,None,TT25335L5LG9,"5,854.47",c3,Dairy Co,transfer
2025-12-01T00:00:00.000,"1,850.00",None,TT253358TGG9,"4,004.47",c6,Riverside Lettings,standing_order
2025-12-01T00:00:00.000,90.77,0.00,TT25335UMHR5,"3,913.70",c2,Beans Direct Ltd,transfer
2025-12-01T00:00:00.000,0.00,0.00,TT253359H0SG,"3,913.70",c0,Statement Memo,transfer
2025-12-02T00:00:00.000,,507.41,1054800004388-20251202,"4,421.11",c1,Card Settlement,card
2025-12-02T00:00:00.000,174.92,None,TT25336WGLPE,"4,246.19",c4,Muffin Top Bakery,transfer
2025-12-02T00:00:00.000,0.00,0.00,TT25336AVCE7,"4,246.19",c0,Statement Memo,transfer
2025-12-03T00:00:00.000,0.00,639.77,1054800004388-20251203,"4,885.96",c1,Card Settlement,card
2025-12-03T00:00:00.000,134.41,None,TT25337UP82E,"4,751.55",c3,Dairy Co,transfer
2025-12-03T00:00:00.000,133.14,\N,TT25337D1HBS,"4,618.41",c4,Muffin Top Bakery,transfer
2025-12-04T00:00:00.000,,589.81,1054800004388-20251204,"5,208.22",c1,Card Settlement,card
2025-12-05T00:00:00.000,,526.40,1054800004388-20251205,"5,734.62",c1,Card Settlement,card
2025-12-05T00:00:00.000,90.09,\N,TT2533982G4J,"5,644.53",c3,Dairy Co,transfer
2025-12-06T00:00:00.000,,910.46,1054800004388-20251206,"6,554.99",c1,Card Settlement,card
2025-12-06T00:00:00.000,83.85,None,TT25340W7Q1D,"6,471.14",c4,Muffin Top Bakery,transfer
2025-12-07T00:00:00.000,\N,720.39,1054800004388-20251207,"7,191.53",c1,Card Settlement,card
2025-12-07T00:00:00.000,68.35,0.00,TT253413ZUD5,"7,123.18",c3,Dairy Co,transfer
2025-12-07T00:00:00.000,67.24,\N,TT253419VDAM,"7,055.94",c4,Muffin Top Bakery,transfer
2025-12-08T00:00:00.000,0.00,500.56,1054800004388-20251208,"7,556.50",c1,Card Settlement,card
2025-12-08T00:00:00.000,0.00,425.93,TT25342VE94Q,"7,982.43",c10,Cash Deposit,cash
2025-12-08T00:00:00.000,328.66,None,TT25342DJQLX,"7,653.77",c2,Beans Direct Ltd,transfer
2025-12-08T00:00:00.000,122.13,,TT25342YESSP,"7,531.64",c4,Muffin Top Bakery,transfer
2025-12-09T00:00:00.000,None,507.13,1054800004388-20251209,"8,038.77",c1,Card Settlement,card
2025-12-09T00:00:00.000,114.27,\N,TT25343MGHMY,"7,924.50",c3,Dairy Co,transfer
2025-12-10T00:00:00.000,\N,525.67,1054800004388-20251210,"8,450.17",c1,Card Settlement,card
2025-12-11T00:00:00.000,\N,671.20,1054800004388-20251211,"9,121.37",c1,Card Settlement,card
2025-12-11T00:00:00.000,108.75,None,TT25345QDCFL,"9,012.62",c3,Dairy Co,transfer
2025-12-11T00:00:00.000,86.47,,TT25345ZZW98,"8,926.15",c4,Muffin Top Bakery,transfer
2025-12-12T00:00:00.000,\N,665.76,1054800004388-20251212,"9,591.91",c1,Card Settlement,card
2025-12-13T00:00:00.000,,559.99,1054800004388-20251213,"10,151.90",c1,Card Settlement,card
2025-12-13T00:00:00.000,109.10,\N,TT25347A3W0F,"10,042.80",c2,Beans Direct Ltd,transfer
2025-12-14T00:00:00.000,,853.76,1054800004388-20251214,"10,896.56",c1,Card Settlement,card
2025-12-14T00:00:00.000,87.49,\N,TT25348RV9WE,"10,809.07",c3,Dairy Co,transfer
2025-12-14T00:00:00.000,"4,290.04",\N,TT253488U0LC,"6,519.03",c5,Cozy Bean Payroll,standing_order
2025-12-14T00:00:00.000,163.29,\N,TT25348S65A0,"6,355.74",c2,Beans Direct Ltd,transfer
2025-12-15T00:00:00.000,\N,601.59,1054800004388-20251215,"6,957.33",c1,Card Settlement,card
2025-12-15T00:00:00.000,268.52,None,TT25349XHWPS,"6,688.81",c2,Beans Direct Ltd,transfer
2025-12-15T00:00:00.000,98.24,,TT25349BF40V,"6,590.57",c3,Dairy Co,transfer
2025-12-16T00:00:00.000,\N,482.23,1054800004388-20251216,"7,072.80",c1,Card Settlement,card
2025-12-16T00:00:00.000,130.88,,TT25350UYVW6,"6,941.92",c4,Muffin Top Bakery,transfer
2025-12-17T00:00:00.000,,692.59,1054800004388-20251217,"7,634.51",c1,Card Settlement,card
2025-12-17T00:00:00.000,116.84,\N,TT25351A8X1L,"7,517.67",c3,Dairy Co,transfer
2025-12-18T00:00:00.000,,652.89,1054800004388-20251218,"8,170.56",c1,Card Settlement,card
2025-12-18T00:00:00.000,130.70,\N,TT25352HZK1B,"8,039.86",c3,Dairy Co,transfer
2025-12-18T00:00:00.000,70.75,\N,TT253520U9EW,"7,969.11",c2,Beans Direct Ltd,transfer
2025-12-18T00:00:00.000,112.85,\N,TT253521ACS3,"7,856.26",c4,Muffin Top Bakery,transfer
2025-12-19T00:00:00.000,None,745.58,1054800004388-20251219,"8,601.84",c1,Card Settlement,card
2025-12-19T00:00:00.000,110.31,None,TT25353Y7BMH,"8,491.53",c3,Dairy Co,transfer
2025-12-20T00:00:00.000,\N,546.98,1054800004388-20251220,"9,038.51",c1,Card Settlement,card
2025-12-20T00:00:00.000,None,280.56,TT25354LU2PF,"9,319.07",c10,Cash Deposit,cash
2025-12-20T00:00:00.000,242.17,\N,TT25354ALT6L,"9,076.90",c7,City Power,standing_order
2025-12-21T00:00:00.000,\N,818.48,1054800004388-20251221,"9,895.38",c1,Card Settlement,card
2025-12-21T00:00:00.000,131.41,\N,TT253555RW4P,"9,763.97",c4,Muffin Top Bakery,transfer
2025-12-21T00:00:00.000,82.91,0.00,TT25355CMPDH,"9,681.06",c2,Beans Direct Ltd,transfer
2025-12-22T00:00:00.000,None,636.67,1054800004388-20251222,"10,317.73",c1,Card Settlement,card
2025-12-22T00:00:00.000,321.81,,TT25356J83T0,"9,995.92",c2,Beans Direct Ltd,transfer
2025-12-22T00:00:00.000,63.84,None,TT253567T3QW,"9,932.08",c3,Dairy Co,transfer
31/02/2026,\N,\N,TT253565RCV0,"9,932.08",c0,Statement Memo,transfer
2025-12-23T00:00:00.000,0.00,680.25,1054800004388-20251223,"10,612.33",c1,Card Settlement,card
2025-12-23T00:00:00.000,187.30,\N,TT25357TW0HG,"10,425.03",c3,Dairy Co,transfer
2025-12-24T00:00:00.000,\N,596.00,1054800004388-20251224,"11,021.03",c1,Card Settlement,card
2025-12-24T00:00:00.000,62.28,None,TT253586APNW,"10,958.75",c2,Beans Direct Ltd,transfer
2025-12-25T00:00:00.000,,506.67,1054800004388-20251225,"11,465.42",c1,Card Settlement,card
2025-12-25T00:00:00.000,98.74,\N,TT253596VWGF,"11,366.68",c4,Muffin Top Bakery,transfer
2025-12-25T00:00:00.000,67.26,0.00,FT25359PJ0K6,"11,299.42",c11,Card Machine Fees,card
2025-12-25T00:00:00.000,132.73,,TT25359DBAZU,"11,166.69",c3,Dairy Co,transfer
2025-12-26T00:00:00.000,,657.25,1054800004388-20251226,"11,823.94",c1,Card Settlement,card
2025-12-26T00:00:00.000,88.79,\N,TT253600XU0V,"11,735.15",c3,Dairy Co,transfer
2025-12-27T00:00:00.000,,657.60,1054800004388-20251227,"12,392.75",c1,Card Settlement,card
2025-12-28T00:00:00.000,\N,613.07,1054800004388-20251228,"13,005.82",c1,Card Settlement,card
2025-12-28T00:00:00.000,"4,411.71",,TT253626JRS8,"8,594.11",c5,Cozy Bean Payroll,standing_order
2025-12-28T00:00:00.000,178.30,None,TT25362UTHKY,"8,415.81",c2,Beans Direct Ltd,transfer
2025-12-29T00:00:00.000,None,704.69,1054800004388-20251229,"9,120.50",c1,Card Settlement,card
2025-12-29T00:00:00.000,229.47,None,TT25363LVM6Q,"8,891.03",c2,Beans Direct Ltd,transfer
2025-12-29T00:00:00.000,114.90,None,TT25363MXWT8,"8,776.13",c3,Dairy Co,transfer
2025-12-30T00:00:00.000,,496.69,1054800004388-20251230,"9,272.82",c1,Card Settlement,card
2025-12-30T00:00:00.000,155.34,\N,TT25364870FU,"9,117.48",c4,Muffin Top Bakery,transfer
2025-12-31T00:00:00.000,\N,475.96,1054800004388-20251231,"9,593.44",c1,Card Settlement,card
2025-12-31T00:00:00.000,104.06,\N,TT25365DMUUS,"9,489.38",c3,Dairy Co,transfer
2026-01-01T00:00:00.000,0.00,492.80,1054800004388-20260101,"9,982.18",c1,Card Settlement,card
2026-01-01T00:00:00.000,94.12,0.00,TT26001JZKUY,"9,888.06",c3,Dairy Co,transfer
2026-01-01T00:00:00.000,"1,850.00",None,TT260018ST4Y,"8,038.06",c6,Riverside Lettings,standing_order
2026-01-01T00:00:00.000,58.69,\N,TT26001EA2LP,"7,979.37",c4,Muffin Top Bakery,transfer
2026-01-02T00:00:00.000,,454.07,1054800004388-20260102,"8,433.44",c1,Card Settlement,card
2026-01-02T00:00:00.000,None,227.39,TT26002K46M3,"8,660.83",c10,Cash Deposit,cash
2026-01-03T00:00:00.000,None,575.00,1054800004388-20260103,"9,235.83",c1,Card Settlement,card
2026-01-03T00:00:00.000,85.28,None,TT26003BS2J5,"9,150.55",c4,Muffin Top Bakery,transfer
2026-01-04T00:00:00.000,None,561.71,1054800004388-20260104,"9,712.26",c1,Card Settlement,card
2026-01-04T00:00:00.000,76.52,0.00,TT26004TUEUS,"9,635.74",c4,Muffin Top Bakery,transfer
2026-01-04T00:00:00.000,102.54,\N,TT26004H87U0,"9,533.20",c2,Beans Direct Ltd,transfer
2026-01-05T00:00:00.000,\N,513.85,1054800004388-20260105,"10,047.05",c1,Card Settlement,card
2026-01-05T00:00:00.000,100.87,\N,TT26005LHS7X,"9,946.18",c3,Dairy Co,transfer
2026-01-06T00:00:00.000,,423.42,1054800004388-20260106,"10,369.60",c1,Card Settlement,card
2026-01-06T00:00:00.000,319.60,,TT26006N33LA,"10,050.00",c2,Beans Direct Ltd,transfer
2026-01-07T00:00:00.000,None,500.27,1054800004388-20260107,"10,550.27",c1,Card Settlement,card
2026-01-07T00:00:00.000,81.76,,TT26007MSURY,"10,468.51",c4,Muffin Top Bakery,transfer
2026-01-07T00:00:00.000,75.26,None,TT26007ZZ4Q1,"10,393.25",c2,Beans Direct Ltd,transfer
2026-01-08T00:00:00.000,\N,420.67,1054800004388-20260108,"10,813.92",c1,Card Settlement,card
2026-01-09T00:00:00.000,,477.39,1054800004388-20260109,"11,291.31",c1,Card Settlement,card
2026-01-09T00:00:00.000,121.56,,TT26009YRGQC,"11,169.75",c3,Dairy Co,transfer
2026-01-09T00:00:00.000,62.81,\N,TT26009G2KF8,"11,106.94",c4,Muffin Top Bakery,transfer
2026-01-10T00:00:00.000,0.00,411.47,1054800004388-20260110,"11,518.41",c1,Card Settlement,card
2026-01-10T00:00:00.000,176.96,None,TT26010D12K6,"11,341.45",c2,Beans Direct Ltd,transfer
2026-01-11T00:00:00.000,,409.32,1054800004388-20260111,"11,750.77",c1,Card Settlement,card
2026-01-11T00:00:00.000,84.93,\N,TT26011FJ5YH,"11,665.84",c4,Muffin Top Bakery,transfer
2026-01-11T00:00:00.000,173.93,None,TT26011ZN875,"11,491.91",c4,Muffin Top Bakery,transfer
2026-01-11T00:00:00.000,83.66,\N,TT26011PKNAQ,"11,408.25",c2,Beans Direct Ltd,transfer
2026-01-11T00:00:00.000,\N,\N,TT2601167HNB,"11,408.25",c0,Statement Memo,transfer
2026-01-12T00:00:00.000,None,353.52,1054800004388-20260112,"11,761.77",c1,Card Settlement,card
2026-01-12T00:00:00.000,317.33,\N,TT26012KLCCK,"11,444.44",c2,Beans Direct Ltd,transfer
2026-01-13T00:00:00.000,,426.46,1054800004388-20260113,"11,870.90",c1,Card Settlement,card
2026-01-13T00:00:00.000,0.00,229.06,TT26013DFF76,"12,099.96",c10,Cash Deposit,cash
2026-01-13T00:00:00.000,104.43,0.00,TT2601383FKF,"11,995.53",c3,Dairy Co,transfer
2026-01-13T00:00:00.000,47.58,\N,TT26013UNFRX,"11,947.95",c4,Muffin Top Bakery,transfer
2026-01-14T00:00:00.000,,338.90,1054800004388-20260114,"12,286.85",c1,Card Settlement,card
2026-01-14T00:00:00.000,88.75,None,TT260141ZCM0,"12,198.10",c4,Muffin Top Bakery,transfer
2026-01-14T00:00:00.000,"4,224.41",None,TT26014G0ENU,"7,973.69",c5,Cozy Bean Payroll,standing_order
2026-01-14T00:00:00.000,64.07,\N,TT26014SKDL4,"7,909.62",c2,Beans Direct Ltd,transfer
2026-01-15T00:00:00.000,\N,340.74,1054800004388-20260115,"8,250.36",c1,Card Settlement,card
2026-01-15T00:00:00.000,126.99,,TT26015DUL96,"8,123.37",c2,Beans Direct Ltd,transfer
2026-01-15T00:00:00.000,102.91,,TT260155FCQU,"8,020.46",c4,Muffin Top Bakery,transfer
2026-01-16T00:00:00.000,None,386.59,1054800004388-20260116,"8,407.05",c1,Card Settlement,card
2026-01-16T00:00:00.000,64.92,None,TT26016PH3HZ,"8,342.13",c3,Dairy Co,transfer
2026-01-17T00:00:00.000,\N,405.23,1054800004388-20260117,"8,747.36",c1,Card Settlement,card
2026-01-17T00:00:00.000,109.72,,TT26017Q2RCS,"8,637.64",c3,Dairy Co,transfer
2026-01-18T00:00:00.000,\N,433.04,1054800004388-20260118,"9,070.68",c1,Card Settlement,card
2026-01-18T00:00:00.000,107.14,\N,TT260189GN2T,"8,963.54",c3,Dairy Co,transfer
2026-01-18T00:00:00.000,162.74,\N,TT26018TGXKA,"8,800.80",c4,Muffin Top Bakery,transfer
2026-01-18T00:00:00.000,146.05,None,TT26018H2ZMD,"8,654.75",c2,Beans Direct Ltd,transfer
2026-01-18T00:00:00.000,112.00,\N,TT26018CDHZM,"8,542.75",c3,Dairy Co,transfer
2026-01-18T00:00:00.000,107.02,None,TT26018KWMDT,"8,435.73",c4,Muffin Top Bakery,transfer
2026-01-19T00:00:00.000,,492.65,1054800004388-20260119,"8,928.38",c1,Card Settlement,card
2026-01-19T00:00:00.000,277.47,,TT260196FWV6,"8,650.91",c2,Beans Direct Ltd,transfer
2026-01-20T00:00:00.000,\N,498.23,1054800004388-20260120,"9,149.14",c1,Card Settlement,card
2026-01-20T00:00:00.000,123.71,None,TT26020NUCF2,"9,025.43",c3,Dairy Co,transfer
2026-01-20T00:00:00.000,320.39,,TT260206EJAS,"8,705.04",c7,City Power,standing_order
2026-01-21T00:00:00.000,,450.70,1054800004388-20260121,"9,155.74",c1,Card Settlement,card
2026-01-21T00:00:00.000,55.82,None,TT2602156D11,"9,099.92",c2,Beans Direct Ltd,transfer
2026-01-22T00:00:00.000,0.00,417.26,1054800004388-20260122,"9,517.18",c1,Card Settlement,card
2026-01-22T00:00:00.000,113.39,\N,TT26022UAZDF,"9,403.79",c3,Dairy Co,transfer
2026-01-23T00:00:00.000,,310.75,1054800004388-20260123,"9,714.54",c1,Card Settlement,card
2026-01-23T00:00:00.000,102.35,,TT26023S3773,"9,612.19",c4,Muffin Top Bakery,transfer
2026-01-23T00:00:00.000,151.41,\N,TT26023JTE9Q,"9,460.78",c3,Dairy Co,transfer
2026-01-24T00:00:00.000,None,426.29,1054800004388-20260124,"9,887.07",c1,Card Settlement,card
2026-01-24T00:00:00.000,144.67,None,TT26024G3GJQ,"9,742.40",c4,Muffin Top Bakery,transfer
2026-01-25T00:00:00.000,\N,596.54,1054800004388-20260125,"10,338.94",c1,Card Settlement,card
2026-01-25T00:00:00.000,\N,374.59,TT26025TS3ZG,"10,713.53",c10,Cash Deposit,cash
2026-01-25T00:00:00.000,263.91,None,TT26025DULFA,"10,449.62",c2,Beans Direct Ltd,transfer
2026-01-25T00:00:00.000,139.08,\N,TT26025E2YRX,"10,310.54",c3,Dairy Co,transfer
2026-01-25T00:00:00.000,64.70,\N,FT26025RC29S,"10,245.84",c11,Card Machine Fees,card
2026-01-25T00:00:00.000,160.87,,TT26025SHYQF,"10,084.97",c4,Muffin Top Bakery,transfer
2026-01-26T00:00:00.000,\N,331.54,1054800004388-20260126,"10,416.51",c1,Card Settlement,card
2026-01-27T00:00:00.000,None,458.30,1054800004388-20260127,"10,874.81",c1,Card Settlement,card
2026-01-27T00:00:00.000,121.12,\N,TT26027ZBPCY,"10,753.69",c4,Muffin Top Bakery,transfer
2026-01-27T00:00:00.000,\N,\N,TT26027XYY4D,"10,753.69",c0,Statement Memo,transfer
2026-01-28T00:00:00.000,0.00,353.99,1054800004388-20260128,"11,107.68",c1,Card Settlement,card
2026-01-28T00:00:00.000,82.02,\N,TT26028ZAKWJ,"11,025.66",c3,Dairy Co,transfer
2026-01-28T00:00:00.000,"4,353.46",\N,TT26028HE9ML,"6,672.20",c5,Cozy Bean Payroll,standing_order
2026-01-29T00:00:00.000,None,313.98,1054800004388-20260129,"6,986.18",c1,Card Settlement,card
2026-01-29T00:00:00.000,131.75,,TT260294PEBT,"6,854.43",c2,Beans Direct Ltd,transfer
2026-01-30T00:00:00.000,\N,352.17,1054800004388-20260130,"7,206.60",c1,Card Settlement,card
2026-01-30T00:00:00.000,85.69,None,TT26030WTCWW,"7,120.91",c3,Dairy Co,transfer
2026-01-31T00:00:00.000,,410.99,1054800004388-20260131,"7,531.90",c1,Card Settlement,card
2026-01-31T00:00:00.000,99.49,\N,TT26031EHQPZ,"7,432.41",c4,Muffin Top Bakery,transfer
2026-01-31T00:00:00.000,\N,\N,TT26031S1PAD,"7,432.41",c0,Statement Memo,transfer
2026-02-01T00:00:00.000,None,589.17,1054800004388-20260201,"8,021.58",c1,Card Settlement,card
2026-02-01T00:00:00.000,312.90,\N,TT26032N558Z,"7,708.68",c2,Beans Direct Ltd,transfer
2026-02-01T00:00:00.000,"1,850.00",,TT26032VXCRM,"5,858.68",c6,Riverside Lettings,standing_order
2026-02-02T00:00:00.000,\N,417.92,1054800004388-20260202,"6,276.60",c1,Card Settlement,card
2026-02-03T00:00:00.000,\N,367.07,1054800004388-20260203,"6,643.67",c1,Card Settlement,card
2026-02-03T00:00:00.000,None,227.40,TT26034MLZ7D,"6,871.07",c10,Cash Deposit,cash
2026-02-03T00:00:00.000,80.67,\N,TT260342PRYY,"6,790.40",c3,Dairy Co,transfer
2026-02-04T00:00:00.000,None,390.89,1054800004388-20260204,"7,181.29",c1,Card Settlement,card
2026-02-05T00:00:00.000,0.00,495.94,1054800004388-20260205,"7,677.23",c1,Card Settlement,card
2026-02-05T00:00:00.000,104.27,None,TT26036PWHCY,"7,572.96",c3,Dairy Co,transfer
2026-02-05T00:00:00.000,108.14,\N,TT26036RL246,"7,464.82",c4,Muffin Top Bakery,transfer
2026-02-05T00:00:00.000,121.76,,TT260363T85A,"7,343.06",c3,Dairy Co,transfer
2026-02-06T00:00:00.000,\N,492.07,1054800004388-20260206,"7,835.13",c1,Card Settlement,card
2026-02-06T00:00:00.000,\N,\N,TT26037PW38P,"7,835.13",c0,Statement Memo,transfer
2026-02-07T00:00:00.000,None,475.09,1054800004388-20260207,"8,310.22",c1,Card Settlement,card
2026-02-07T00:00:00.000,273.84,,TT260386RK5E,"8,036.38",c2,Beans Direct Ltd,transfer
2026-02-07T00:00:00.000,140.22,None,TT26038W6SLQ,"7,896.16",c3,Dairy Co,transfer
2026-02-07T00:00:00.000,133.48,0.00,TT2603808CN6,"7,762.68",c2,Beans Direct Ltd,transfer
2026-02-07T00:00:00.000,83.25,\N,TT26038RYTPK,"7,679.43",c4,Muffin Top Bakery,transfer
2026-02-08T00:00:00.000,\N,447.14,1054800004388-20260208,"8,126.57",c1,Card Settlement,card
2026-02-08T00:00:00.000,341.04,\N,TT26039W57XE,"7,785.53",c12,Insurance & Licences,standing_order
2026-02-08T00:00:00.000,170.50,0.00,TT2603909DTY,"7,615.03",c3,Dairy Co,transfer
2026-02-09T00:00:00.000,None,360.18,1054800004388-20260209,"7,975.21",c1,Card Settlement,card
2026-02-09T00:00:00.000,68.69,,TT260403BBPG,"7,906.52",c3,Dairy Co,transfer
2026-02-10T00:00:00.000,\N,435.17,1054800004388-20260210,"8,341.69",c1,Card Settlement,card
2026-02-10T00:00:00.000,118.92,,TT26041JY16G,"8,222.77",c3,Dairy Co,transfer
2026-02-10T00:00:00.000,111.36,\N,TT26041FKEHG,"8,111.41",c4,Muffin Top Bakery,transfer
2026-02-10T00:00:00.000,\N,\N,TT26041KRX0W,"8,111.41",c0,Statement Memo,transfer
2026-02-11T00:00:00.000,\N,390.56,1054800004388-20260211,"8,501.97",c1,Card Settlement,card
2026-02-11T00:00:00.000,158.76,\N,TT26042DZ7GN,"8,343.21",c4,Muffin Top Bakery,transfer
2026-02-11T00:00:00.000,116.31,\N,TT260420LL21,"8,226.90",c3,Dairy Co,transfer
2026-02-12T00:00:00.000,0.00,388.51,1054800004388-20260212,"8,615.41",c1,Card Settlement,card
2026-02-13T00:00:00.000,None,426.87,1054800004388-20260213,"9,042.28",c1,Card Settlement,card
2026-02-13T00:00:00.000,334.51,0.00,TT26044CH4HX,"8,707.77",c2,Beans Direct Ltd,transfer
2026-02-13T00:00:00.000,130.64,0.00,TT26044SKFBY,"8,577.13",c3,Dairy Co,transfer
2026-02-13T00:00:00.000,158.40,\N,TT26044L0ACV,"8,418.73",c3,Dairy Co,transfer
2026-02-14T00:00:00.000,,460.31,1054800004388-20260214,"8,879.04",c1,Card Settlement,card
not recorded,\N,327.24,TT260455Q0MF,"9,206.28",c10,Cash Deposit,cash
2026-02-14T00:00:00.000,"4,558.33",,TT26045432L8,"4,647.95",c5,Cozy Bean Payroll,standing_order
2026-02-14T00:00:00.000,155.82,\N,TT26045J5EDB,"4,492.13",c2,Beans Direct Ltd,transfer
2026-02-15T00:00:00.000,\N,492.96,1054800004388-20260215,"4,985.09",c1,Card Settlement,card
2026-02-15T00:00:00.000,76.40,\N,TT26046MB2B7,"4,908.69",c4,Muffin Top Bakery,transfer
2026-02-16T00:00:00.000,,308.71,1054800004388-20260216,"5,217.40",c1,Card Settlement,card
2026-02-16T00:00:00.000,131.01,\N,TT260477H5SP,"5,086.39",c3,Dairy Co,transfer
2026-02-16T00:00:00.000,54.59,\N,TT260471C8ZX,"5,031.80",c2,Beans Direct Ltd,transfer
2026-02-17T00:00:00.000,\N,480.10,1054800004388-20260217,"5,511.90",c1,Card Settlement,card
2026-02-18T00:00:00.000,None,312.16,1054800004388-20260218,"5,824.06",c1,Card Settlement,card
2026-02-18T00:00:00.000,103.28,,TT2604994GTY,"5,720.78",c3,Dairy Co,transfer
2026-02-18T00:00:00.000,125.84,\N,TT26049FQYS3,"5,594.94",c4,Muffin Top Bakery,transfer
2026-02-19T00:00:00.000,\N,513.81,1054800004388-20260219,"6,108.75",c1,Card Settlement,card
2026-02-20T00:00:00.000,\N,430.68,1054800004388-20260220,"6,539.43",c1,Card Settlement,card
2026-02-20T00:00:00.000,322.02,,TT26051U29NY,"6,217.41",c2,Beans Direct Ltd,transfer
2026-02-20T00:00:00.000,100.05,None,TT260510C6QC,"6,117.36",c3,Dairy Co,transfer
2026-02-20T00:00:00.000,216.20,None,TT26051YYUY5,"5,901.16",c7,City Power,standing_order
2026-02-21T00:00:00.000,None,513.56,1054800004388-20260221,"6,414.72",c1,Card Settlement,card
2026-02-21T00:00:00.000,71.17,,TT26052KPXWE,"6,343.55",c2,Beans Direct Ltd,transfer
2026-02-22T00:00:00.000,None,520.31,1054800004388-20260222,"6,863.86",c1,Card Settlement,card
2026-02-22T00:00:00.000,122.05,0.00,TT26053DQTQ2,"6,741.81",c4,Muffin Top Bakery,transfer
2026-02-23T00:00:00.000,\N,426.69,1054800004388-20260223,"7,168.50",c1,Card Settlement,card
2026-02-24T00:00:00.000,\N,312.02,1054800004388-20260224,"7,480.52",c1,Card Settlement,card
2026-02-24T00:00:00.000,None,320.15,TT26055GXWS8,"7,800.67",c10,Cash Deposit,cash
2026-02-24T00:00:00.000,119.84,0.00,TT26055H3YJ2,"7,680.83",c3,Dairy Co,transfer
2026-02-24T00:00:00.000,174.11,\N,TT26055SVE7F,"7,506.72",c3,Dairy Co,transfer
2026-02-24T00:00:00.000,56.54,None,TT26055BN8SA,"7,450.18",c4,Muffin Top Bakery,transfer
2026-02-25T00:00:00.000,None,343.45,1054800004388-20260225,"7,793.63",c1,Card Settlement,card
2026-02-25T00:00:00.000,90.76,\N,TT2605648ULE,"7,702.87",c4,Muffin Top Bakery,transfer
2026-02-25T00:00:00.000,57.92,\N,FT26056MAKK6,"7,644.95",c11,Card Machine Fees,card
2026-02-25T00:00:00.000,154.17,,TT26056XESC1,"7,490.78",c4,Muffin Top Bakery,transfer
2026-02-26T00:00:00.000,0.00,310.12,1054800004388-20260226,"7,800.90",c1,Card Settlement,card
2026-02-26T00:00:00.000,285.74,\N,TT26057CVA2E,"7,515.16",c2,Beans Direct Ltd,transfer
2026-02-27T00:00:00.000,0.00,372.01,1054800004388-20260227,"7,887.17",c1,Card Settlement,card
2026-02-27T00:00:00.000,103.29,None,TT26058AYJDD,"7,783.88",c3,Dairy Co,transfer
2026-02-28T00:00:00.000,\N,561.60,1054800004388-20260228,"8,345.48",c1,Card Settlement,card
2026-02-28T00:00:00.000,"4,240.47",None,TT26059ZVWC5,"4,105.01",c5,Cozy Bean Payroll,standing_order
2026-02-28T00:00:00.000,94.55,\N,TT26059MS7W4,"4,010.46",c3,Dairy Co,transfer
2026-03-01T00:00:00.000,,671.07,1054800004388-20260301,"4,681.53",c1,Card Settlement,card
2026-03-01T00:00:00.000,70.43,None,TT26060P6HVU,"4,611.10",c3,Dairy Co,transfer
2026-03-01T00:00:00.000,95.90,,TT2606065EJH,"4,515.20",c4,Muffin Top Bakery,transfer
2026-03-01T00:00:00.000,"1,850.00",None,TT26060UNSAM,"2,665.20",c6,Riverside Lettings,standing_order
2026-03-02T00:00:00.000,0.00,398.36,1054800004388-20260302,"3,063.56",c1,Card Settlement,card
2026-03-03T00:00:00.000,,454.90,1054800004388-20260303,"3,518.46",c1,Card Settlement,card
2026-03-03T00:00:00.000,64.81,,TT26062PSXTC,"3,453.65",c3,Dairy Co,transfer
2026-03-03T00:00:00.000,94.23,None,TT260627L2F7,"3,359.42",c3,Dairy Co,transfer
2026-03-04T00:00:00.000,\N,546.91,1054800004388-20260304,"3,906.33",c1,Card Settlement,card
2026-03-04T00:00:00.000,334.17,\N,TT260635KYJS,"3,572.16",c2,Beans Direct Ltd,transfer
2026-03-05T00:00:00.000,None,452.89,1054800004388-20260305,"4,025.05",c1,Card Settlement,card
2026-03-05T00:00:00.000,98.77,,TT26064SPKPT,"3,926.28",c3,Dairy Co,transfer
2026-03-05T00:00:00.000,83.50,0.00,TT26064K24U4,"3,842.78",c2,Beans Direct Ltd,transfer
2026-03-05T00:00:00.000,153.66,None,TT260640XV4J,"3,689.12",c4,Muffin Top Bakery,transfer
2026-03-06T00:00:00.000,None,399.89,1054800004388-20260306,"4,089.01",c1,Card Settlement,card
2026-03-06T00:00:00.000,96.77,None,TT26065LNDHU,"3,992.24",c4,Muffin Top Bakery,transfer
2026-03-06T00:00:00.000,80.46,\N,TT260655QKA3,"3,911.78",c3,Dairy Co,transfer
2026-03-07T00:00:00.000,\N,546.00,1054800004388-20260307,"4,457.78",c1,Card Settlement,card
2026-03-07T00:00:00.000,102.71,\N,TT26066K7WEL,"4,355.07",c3,Dairy Co,transfer
2026-03-07T00:00:00.000,153.43,,TT26066KKJSC,"4,201.64",c4,Muffin Top Bakery,transfer
2026-03-07T00:00:00.000,143.86,None,TT26066U8WXT,"4,057.78",c4,Muffin Top Bakery,transfer
2026-03-08T00:00:00.000,0.00,577.79,1054800004388-20260308,"4,635.57",c1,Card Settlement,card
2026-03-08T00:00:00.000,70.17,None,TT26067FK19F,"4,565.40",c2,Beans Direct Ltd,transfer
2026-03-09T00:00:00.000,,436.76,1054800004388-20260309,"5,002.16",c1,Card Settlement,card
2026-03-09T00:00:00.000,,373.70,TT260683BBKM,"5,375.86",c10,Cash Deposit,cash
2026-03-09T00:00:00.000,121.10,0.00,TT26068LGDS4,"5,254.76",c3,Dairy Co,transfer
2026-03-09T00:00:00.000,111.17,\N,TT260681NUHQ,"5,143.59",c2,Beans Direct Ltd,transfer
2026-03-09T00:00:00.000,82.41,\N,TT26068GMPCH,"5,061.18",c2,Beans Direct Ltd,transfer
2026-03-10T00:00:00.000,\N,361.72,1054800004388-20260310,"5,422.90",c1,Card Settlement,card
2026-03-10T00:00:00.000,184.83,None,TT260692RAQ7,"5,238.07",c2,Beans Direct Ltd,transfer
2026-03-10T00:00:00.000,88.19,\N,TT26069U2LKY,"5,149.88",c4,Muffin Top Bakery,transfer
2026-03-11T00:00:00.000,None,466.37,1054800004388-20260311,"5,616.25",c1,Card Settlement,card
2026-03-11T00:00:00.000,118.54,,TT260709BY4R,"5,497.71",c3,Dairy Co,transfer
2026-03-12T00:00:00.000,None,514.33,1054800004388-20260312,"6,012.04",c1,Card Settlement,card
2026-03-12T00:00:00.000,160.78,,TT260711V05S,"5,851.26",c2,Beans Direct Ltd,transfer
2026-03-12T00:00:00.000,60.73,\N,TT260712Z7BU,"5,790.53",c2,Beans Direct Ltd,transfer
2026-03-13T00:00:00.000,\N,552.99,1054800004388-20260313,"6,343.52",c1,Card Settlement,card
2026-03-13T00:00:00.000,91.36,,TT26072Y4BAP,"6,252.16",c3,Dairy Co,transfer
2026-03-14T00:00:00.000,,714.42,1054800004388-20260314,"6,966.58",c1,Card Settlement,card
2026-03-14T00:00:00.000,86.52,\N,TT260732L9XP,"6,880.06",c4,Muffin Top Bakery,transfer
2026-03-14T00:00:00.000,"4,655.03",,TT260730JYR2,"2,225.03",c5,Cozy Bean Payroll,standing_order
2026-03-14T00:00:00.000,153.62,None,TT26073WZU4U,"2,071.41",c3,Dairy Co,transfer
2026-03-15T00:00:00.000,,544.28,1054800004388-20260315,"2,615.69",c1,Card Settlement,card
2026-03-15T00:00:00.000,98.01,,TT26074QMDXJ,"2,517.68",c3,Dairy Co,transfer
2026-03-16T00:00:00.000,\N,355.04,1054800004388-20260316,"2,872.72",c1,Card Settlement,card
2026-03-16T00:00:00.000,227.00,None,TT26075SXPFA,"2,645.72",c2,Beans Direct Ltd,transfer
2026-03-16T00:00:00.000,126.09,0.00,TT260756GC6J,"2,519.63",c3,Dairy Co,transfer
2026-03-17T00:00:00.000,None,477.66,1054800004388-20260317,"2,997.29",c1,Card Settlement,card
2026-03-17T00:00:00.000,154.49,,TT260764G5P3,"2,842.80",c4,Muffin Top Bakery,transfer
2026-03-18T00:00:00.000,\N,538.64,1054800004388-20260318,"3,381.44",c1,Card Settlement,card
2026-03-18T00:00:00.000,\N,399.24,TT26077LNMTW,"3,780.68",c10,Cash Deposit,cash
2026-03-19T00:00:00.000,None,480.25,1054800004388-20260319,"4,260.93",c1,Card Settlement,card
2026-03-19T00:00:00.000,90.49,None,TT26078AHFEB,"4,170.44",c3,Dairy Co,transfer
2026-03-20T00:00:00.000,0.00,545.59,1054800004388-20260320,"4,716.03",c1,Card Settlement,card
2026-03-20T00:00:00.000,213.93,,TT26079ARHP0,"4,502.10",c7,City Power,standing_order
2026-03-21T00:00:00.000,,458.34,1054800004388-20260321,"4,960.44",c1,Card Settlement,card
2026-03-21T00:00:00.000,122.74,,TT26080RF4QM,"4,837.70",c3,Dairy Co,transfer
2026-03-22T00:00:00.000,None,443.78,1054800004388-20260322,"5,281.48",c1,Card Settlement,card
2026-03-22T00:00:00.000,104.12,\N,TT26081PXS2G,"5,177.36",c4,Muffin Top Bakery,transfer
2026-03-23T00:00:00.000,,495.49,1054800004388-20260323,"5,672.85",c1,Card Settlement,card
2026-03-24T00:00:00.000,None,417.57,1054800004388-20260324,"6,090.42",c1,Card Settlement,card
2026-03-24T00:00:00.000,238.35,0.00,TT260838FNUE,"5,852.07",c2,Beans Direct Ltd,transfer
2026-03-25T00:00:00.000,\N,415.83,1054800004388-20260325,"6,267.90",c1,Card Settlement,card
2026-03-25T00:00:00.000,\N,426.66,TT26084WAWSQ,"6,694.56",c10,Cash Deposit,cash
2026-03-25T00:00:00.000,67.15,,TT26084VSLQ6,"6,627.41",c3,Dairy Co,transfer
2026-03-25T00:00:00.000,81.22,,TT26084T7GGG,"6,546.19",c4,Muffin Top Bakery,transfer
2026-03-25T00:00:00.000,52.58,\N,FT260844CRNZ,"6,493.61",c11,Card Machine Fees,card
2026-03-25T00:00:00.000,78.57,\N,TT26084M53JC,"6,415.04",c4,Muffin Top Bakery,transfer
2026-03-26T00:00:00.000,None,400.98,1054800004388-20260326,"6,816.02",c1,Card Settlement,card
2026-03-27T00:00:00.000,\N,551.61,1054800004388-20260327,"7,367.63",c1,Card Settlement,card
2026-03-27T00:00:00.000,\N,\N,TT26086368QE,"7,367.63",c0,Statement Memo,transfer
2026-03-28T00:00:00.000,0.00,466.01,1054800004388-20260328,"7,833.64",c1,Card Settlement,card
2026-03-28T00:00:00.000,142.96,None,TT26087TB1H6,"7,690.68",c3,Dairy Co,transfer
2026-03-28T00:00:00.000,"4,322.91",None,TT260874289F,"3,367.77",c5,Cozy Bean Payroll,standing_order
2026-03-29T00:00:00.000,None,521.79,1054800004388-20260329,"3,889.56",c1,Card Settlement,card
2026-03-29T00:00:00.000,109.34,\N,TT260889PFL6,"3,780.22",c4,Muffin Top Bakery,transfer
2026-03-30T00:00:00.000,0.00,435.33,1054800004388-20260330,"4,215.55",c1,Card Settlement,card
2026-03-30T00:00:00.000,149.92,,TT26089ZPG8Y,"4,065.63",c3,Dairy Co,transfer
2026-03-31T00:00:00.000,0.00,475.26,1054800004388-20260331,"4,540.89",c1,Card Settlement,card
2026-03-31T00:00:00.000,64.36,,TT260903G4BD,"4,476.53",c3,Dairy Co,transfer
2026-03-31T00:00:00.000,153.25,None,TT26090JZ9QQ,"4,323.28",c4,Muffin Top Bakery,transfer
2026-04-01T00:00:00.000,,516.16,1054800004388-20260401,"4,839.44",c1,Card Settlement,card
2026-04-01T00:00:00.000,258.71,\N,TT26091REP2K,"4,580.73",c2,Beans Direct Ltd,transfer
2026-04-01T00:00:00.000,85.00,None,TT26091986ET,"4,495.73",c4,Muffin Top Bakery,transfer
2026-04-01T00:00:00.000,"1,850.00",\N,TT26091GKN13,"2,645.73",c6,Riverside Lettings,standing_order
2026-04-01T00:00:00.000,\N,\N,TT26091TLME1,"2,645.73",c0,Statement Memo,transfer
2026-04-02T00:00:00.000,\N,399.89,1054800004388-20260402,"3,045.62",c1,Card Settlement,card
2026-04-02T00:00:00.000,\N,386.14,TT26092VKWRG,"3,431.76",c10,Cash Deposit,cash
2026-04-02T00:00:00.000,83.16,,TT260924UYWD,"3,348.60",c3,Dairy Co,transfer
2026-04-03T00:00:00.000,\N,385.90,1054800004388-20260403,"3,734.50",c1,Card Settlement,card
31/02/2026,0.00,446.65,1054800004388-20260404,"4,181.15",c1,Card Settlement,card
2026-04-05T00:00:00.000,,504.52,1054800004388-20260405,"4,685.67",c1,Card Settlement,card
2026-04-05T00:00:00.000,91.46,,TT26095ECF9F,"4,594.21",c3,Dairy Co,transfer
2026-04-06T00:00:00.000,,501.50,1054800004388-20260406,"5,095.71",c1,Card Settlement,card
2026-04-06T00:00:00.000,130.71,,TT26096X9GGU,"4,965.00",c4,Muffin Top Bakery,transfer
2026-04-06T00:00:00.000,73.55,\N,TT26096KNR6T,"4,891.45",c4,Muffin Top Bakery,transfer
2026-04-07T00:00:00.000,\N,472.03,1054800004388-20260407,"5,363.48",c1,Card Settlement,card
2026-04-07T00:00:00.000,227.17,\N,TT26097QJ70B,"5,136.31",c2,Beans Direct Ltd,transfer
2026-04-08T00:00:00.000,\N,494.61,1054800004388-20260408,"5,630.92",c1,Card Settlement,card
2026-04-08T00:00:00.000,104.37,None,TT260987JKK1,"5,526.55",c3,Dairy Co,transfer
2026-04-09T00:00:00.000,\N,393.22,1054800004388-20260409,"5,919.77",c1,Card Settlement,card
2026-04-09T00:00:00.000,127.07,0.00,TT26099MNX1D,"5,792.70",c4,Muffin Top Bakery,transfer
2026-04-10T00:00:00.000,None,362.78,1054800004388-20260410,"6,155.48",c1,Card Settlement,card
2026-04-10T00:00:00.000,88.80,,TT26100NSERP,"6,066.68",c3,Dairy Co,transfer
2026-04-11T00:00:00.000,,691.77,1054800004388-20260411,"6,758.45",c1,Card Settlement,card
2026-04-12T00:00:00.000,\N,447.59,1054800004388-20260412,"7,206.04",c1,Card Settlement,card
2026-04-13T00:00:00.000,\N,478.75,1054800004388-20260413,"7,684.79",c1,Card Settlement,card
2026-04-13T00:00:00.000,137.52,,TT26103YZ3VN,"7,547.27",c3,Dairy Co,transfer
2026-04-13T00:00:00.000,85.32,,TT26103GRCSD,"7,461.95",c2,Beans Direct Ltd,transfer
2026-04-14T00:00:00.000,,560.31,1054800004388-20260414,"8,022.26",c1,Card Settlement,card
2026-04-14T00:00:00.000,210.32,\N,TT26104Y41QN,"7,811.94",c2,Beans Direct Ltd,transfer
2026-04-14T00:00:00.000,102.06,None,TT26104YHKGM,"7,709.88",c4,Muffin Top Bakery,transfer
2026-04-14T00:00:00.000,"4,195.18",,TT26104TTQ82,"3,514.70",c5,Cozy Bean Payroll,standing_order
2026-04-15T00:00:00.000,\N,471.36,1054800004388-20260415,"3,986.06",c1,Card Settlement,card
2026-04-15T00:00:00.000,None,393.06,TT26105MAHVG,"4,379.12",c10,Cash Deposit,cash
2026-04-15T00:00:00.000,77.32,\N,TT26105D4VQH,"4,301.80",c3,Dairy Co,transfer
2026-04-16T00:00:00.000,0.00,464.97,1054800004388-20260416,"4,766.77",c1,Card Settlement,card
2026-04-17T00:00:00.000,,446.25,1054800004388-20260417,"5,213.02",c1,Card Settlement,card
2026-04-17T00:00:00.000,90.96,\N,TT26107HSQU0,"5,122.06",c3,Dairy Co,transfer
2026-04-17T00:00:00.000,179.91,None,TT26107SAXZH,"4,942.15",c2,Beans Direct Ltd,transfer
2026-04-17T00:00:00.000,167.16,,TT26107TA52S,"4,774.99",c3,Dairy Co,transfer
2026-04-18T00:00:00.000,None,480.46,1054800004388-20260418,"5,255.45",c1,Card Settlement,card
2026-04-18T00:00:00.000,\N,\N,TT26108BQ952,"5,255.45",c0,Statement Memo,transfer
2026-04-19T00:00:00.000,None,523.41,1054800004388-20260419,"5,778.86",c1,Card Settlement,card
2026-04-19T00:00:00.000,112.42,\N,TT26109R3G73,"5,666.44",c4,Muffin Top Bakery,transfer
2026-04-19T00:00:00.000,\N,\N,TT26109L2NH5,"5,666.44",c0,Statement Memo,transfer
2026-04-20T00:00:00.000,\N,557.59,1054800004388-20260420,"6,224.03",c1,Card Settlement,card
2026-04-20T00:00:00.000,321.46,,TT26110ZZ76A,"5,902.57",c2,Beans Direct Ltd,transfer
2026-04-20T00:00:00.000,299.43,0.00,TT26110PNW4F,"5,603.14",c7,City Power,standing_order
2026-04-21T00:00:00.000,\N,472.29,1054800004388-20260421,"6,075.43",c1,Card Settlement,card
2026-04-21T00:00:00.000,140.72,0.00,TT26111NA0N2,"5,934.71",c3,Dairy Co,transfer
2026-04-21T00:00:00.000,52.77,\N,TT26111KANWE,"5,881.94",c3,Dairy Co,transfer
2026-04-22T00:00:00.000,\N,381.44,1054800004388-20260422,"6,263.38",c1,Card Settlement,card
2026-04-22T00:00:00.000,139.43,\N,TT26112EL62F,"6,123.95",c3,Dairy Co,transfer
2026-04-23T00:00:00.000,\N,495.21,1054800004388-20260423,"6,619.16",c1,Card Settlement,card
2026-04-24T00:00:00.000,,422.82,1054800004388-20260424,"7,041.98",c1,Card Settlement,card
2026-04-24T00:00:00.000,71.65,\N,TT261146ACH4,"6,970.33",c3,Dairy Co,transfer
2026-04-24T00:00:00.000,160.41,,TT26114DEJU8,"6,809.92",c4,Muffin Top Bakery,transfer
2026-04-25T00:00:00.000,,708.54,1054800004388-20260425,"7,518.46",c1,Card Settlement,card
2026-04-25T00:00:00.000,\N,219.50,TT26115TPLFU,"7,737.96",c10,Cash Deposit,cash
2026-04-25T00:00:00.000,64.02,None,FT261155Z284,"7,673.94",c11,Card Machine Fees,card
2026-04-26T00:00:00.000,\N,433.55,1054800004388-20260426,"8,107.49",c1,Card Settlement,card
2026-04-26T00:00:00.000,203.76,,TT26116WKTFP,"7,903.73",c2,Beans Direct Ltd,transfer
2026-04-26T00:00:00.000,73.72,\N,TT261161F7G4,"7,830.01",c3,Dairy Co,transfer
2026-04-26T00:00:00.000,185.52,\N,TT26116KLHGN,"7,644.49",c4,Muffin Top Bakery,transfer
2026-04-27T00:00:00.000,\N,381.84,1054800004388-20260427,"8,026.33",c1,Card Settlement,card
2026-04-27T00:00:00.000,106.68,\N,TT26117RD079,"7,919.65",c4,Muffin Top Bakery,transfer
2026-04-27T00:00:00.000,153.12,,TT26117R69HZ,"7,766.53",c3,Dairy Co,transfer
2026-04-28T00:00:00.000,\N,582.83,1054800004388-20260428,"8,349.36",c1,Card Settlement,card
2026-04-28T00:00:00.000,153.84,None,TT26118BQTYG,"8,195.52",c4,Muffin Top Bakery,transfer
2026-04-28T00:00:00.000,"4,561.07",\N,TT261186UR91,"3,634.45",c5,Cozy Bean Payroll,standing_order
2026-04-29T00:00:00.000,None,425.55,1054800004388-20260429,"4,060.00",c1,Card Settlement,card
2026-04-30T00:00:00.000,,444.55,1054800004388-20260430,"4,504.55",c1,Card Settlement,card
2026-04-30T00:00:00.000,89.33,\N,TT26120Y92D4,"4,415.22",c3,Dairy Co,transfer
2026-05-01T00:00:00.000,None,579.71,1054800004388-20260501,"4,994.93",c1,Card Settlement,card
2026-05-01T00:00:00.000,"1,850.00",\N,TT26121GPUPL,"3,144.93",c6,Riverside Lettings,standing_order
2026-05-02T00:00:00.000,\N,706.25,1054800004388-20260502,"3,851.18",c1,Card Settlement,card
2026-05-02T00:00:00.000,203.91,\N,TT26122T8PVD,"3,647.27",c2,Beans Direct Ltd,transfer
2026-05-02T00:00:00.000,59.15,0.00,TT26122UGVAR,"3,588.12",c3,Dairy Co,transfer
2026-05-03T00:00:00.000,,458.40,1054800004388-20260503,"4,046.52",c1,Card Settlement,card
2026-05-03T00:00:00.000,92.14,\N,TT26123V73R0,"3,954.38",c4,Muffin Top Bakery,transfer
2026-05-03T00:00:00.000,156.62,,TT261234TQ9Q,"3,797.76",c3,Dairy Co,transfer
2026-05-04T00:00:00.000,None,418.77,1054800004388-20260504,"4,216.53",c1,Card Settlement,card
2026-05-04T00:00:00.000,187.90,None,TT26124Y1T86,"4,028.63",c2,Beans Direct Ltd,transfer
2026-05-05T00:00:00.000,\N,386.42,1054800004388-20260505,"4,415.05",c1,Card Settlement,card
2026-05-05T00:00:00.000,0.00,258.02,TT261251XNN9,"4,673.07",c10,Cash Deposit,cash
2026-05-05T00:00:00.000,\N,\N,TT261259SPBL,"4,673.07",c0,Statement Memo,transfer
2026-05-06T00:00:00.000,\N,428.52,1054800004388-20260506,"5,101.59",c1,Card Settlement,card
2026-05-06T00:00:00.000,87.44,\N,TT26126JZM0Z,"5,014.15",c3,Dairy Co,transfer
2026-05-06T00:00:00.000,161.29,\N,TT26126E0CV5,"4,852.86",c4,Muffin Top Bakery,transfer
2026-05-06T00:00:00.000,121.41,0.00,TT26126YPNRS,"4,731.45",c3,Dairy Co,transfer
2026-05-06T00:00:00.000,143.38,None,TT26126NUQPF,"4,588.07",c4,Muffin Top Bakery,transfer
2026-05-07T00:00:00.000,,500.05,1054800004388-20260507,"5,088.12",c1,Card Settlement,card
2026-05-07T00:00:00.000,121.97,0.00,TT261272HG9F,"4,966.15",c4,Muffin Top Bakery,transfer
2026-05-07T00:00:00.000,110.64,0.00,TT26127C2U64,"4,855.51",c4,Muffin Top Bakery,transfer
2026-05-08T00:00:00.000,,534.32,1054800004388-20260508,"5,389.83",c1,Card Settlement,card
2026-05-08T00:00:00.000,281.09,None,TT261289NUJV,"5,108.74",c2,Beans Direct Ltd,transfer
2026-05-08T00:00:00.000,106.68,,TT26128RFMAR,"5,002.06",c4,Muffin Top Bakery,transfer
2026-05-08T00:00:00.000,395.96,None,TT26128PAGZU,"4,606.10",c12,Insurance & Licences,standing_order
2026-05-09T00:00:00.000,,446.70,1054800004388-20260509,"5,052.80",c1,Card Settlement,card
2026-05-09T00:00:00.000,76.78,\N,TT26129YSDH4,"4,976.02",c3,Dairy Co,transfer
2026-05-10T00:00:00.000,\N,609.39,1054800004388-20260510,"5,585.41",c1,Card Settlement,card
2026-05-11T00:00:00.000,\N,391.20,1054800004388-20260511,"5,976.61",c1,Card Settlement,card
2026-05-11T00:00:00.000,77.12,\N,TT26131ST0VH,"5,899.49",c4,Muffin Top Bakery,transfer
2026-05-12T00:00:00.000,None,460.78,1054800004388-20260512,"6,360.27",c1,Card Settlement,card
2026-05-12T00:00:00.000,\N,440.20,TT26132PL8Q7,"6,800.47",c10,Cash Deposit,cash
2026-05-12T00:00:00.000,63.66,\N,TT26132YLWHS,"6,736.81",c3,Dairy Co,transfer
2026-05-12T00:00:00.000,54.25,,TT261321CR6U,"6,682.56",c3,Dairy Co,transfer
2026-05-13T00:00:00.000,\N,432.60,1054800004388-20260513,"7,115.16",c1,Card Settlement,card
2026-05-14T00:00:00.000,None,370.59,1054800004388-20260514,"7,485.75",c1,Card Settlement,card
2026-05-14T00:00:00.000,114.78,None,TT26134XEDY5,"7,370.97",c3,Dairy Co,transfer
2026-05-14T00:00:00.000,78.20,\N,TT26134TYQEJ,"7,292.77",c4,Muffin Top Bakery,transfer
2026-05-14T00:00:00.000,"4,527.30",\N,TT26134N26WN,"2,765.47",c5,Cozy Bean Payroll,standing_order
2026-05-14T00:00:00.000,166.69,\N,TT26134FXXHB,"2,598.78",c4,Muffin Top Bakery,transfer
2026-05-15T00:00:00.000,\N,456.20,1054800004388-20260515,"3,054.98",c1,Card Settlement,card
2026-05-15T00:00:00.000,148.58,\N,TT261350FTR9,"2,906.40",c3,Dairy Co,transfer
2026-05-15T00:00:00.000,\N,\N,TT26135H1DUF,"2,906.40",c0,Statement Memo,transfer
2026-05-16T00:00:00.000,\N,555.51,1054800004388-20260516,"3,461.91",c1,Card Settlement,card
2026-05-16T00:00:00.000,195.16,\N,TT26136T38M4,"3,266.75",c2,Beans Direct Ltd,transfer
2026-05-16T00:00:00.000,109.01,None,TT26136DTNP5,"3,157.74",c3,Dairy Co,transfer
2026-05-17T00:00:00.000,\N,580.70,1054800004388-20260517,"3,738.44",c1,Card Settlement,card
2026-05-18T00:00:00.000,,519.15,1054800004388-20260518,"4,257.59",c1,Card Settlement,card
2026-05-18T00:00:00.000,161.99,0.00,TT261385861H,"4,095.60",c4,Muffin Top Bakery,transfer
2026-05-18T00:00:00.000,155.30,None,TT261384ZQHQ,"3,940.30",c4,Muffin Top Bakery,transfer
2026-05-19T00:00:00.000,,400.71,1054800004388-20260519,"4,341.01",c1,Card Settlement,card
2026-05-20T00:00:00.000,None,549.45,1054800004388-20260520,"4,890.46",c1,Card Settlement,card
2026-05-20T00:00:00.000,96.77,None,TT26140RM8RV,"4,793.69",c3,Dairy Co,transfer
2026-05-20T00:00:00.000,316.06,,TT26140MDVQC,"4,477.63",c7,City Power,standing_order
2026-05-21T00:00:00.000,None,541.10,1054800004388-20260521,"5,018.73",c1,Card Settlement,card
2026-05-21T00:00:00.000,70.59,0.00,TT26141G20AH,"4,948.14",c4,Muffin Top Bakery,transfer
2026-05-22T00:00:00.000,\N,481.48,1054800004388-20260522,"5,429.62",c1,Card Settlement,card
2026-05-22T00:00:00.000,170.94,\N,TT2614232FLD,"5,258.68",c2,Beans Direct Ltd,transfer
2026-05-23T00:00:00.000,0.00,514.47,1054800004388-20260523,"5,773.15",c1,Card Settlement,card
2026-05-23T00:00:00.000,None,313.26,TT261438ZDFM,"6,086.41",c10,Cash Deposit,cash
2026-05-23T00:00:00.000,260.73,\N,TT26143MZYUC,"5,825.68",c2,Beans Direct Ltd,transfer
2026-05-23T00:00:00.000,99.60,\N,TT26143LMAN1,"5,726.08",c3,Dairy Co,transfer
2026-05-24T00:00:00.000,\N,638.62,1054800004388-20260524,"6,364.70",c1,Card Settlement,card
2026-05-24T00:00:00.000,179.45,None,TT26144FS4RE,"6,185.25",c2,Beans Direct Ltd,transfer
2026-05-25T00:00:00.000,None,517.61,1054800004388-20260525,"6,702.86",c1,Card Settlement,card
2026-05-25T00:00:00.000,70.76,None,TT261457TD4Q,"6,632.10",c3,Dairy Co,transfer
2026-05-25T00:00:00.000,50.63,,FT26145MKHVE,"6,581.47",c11,Card Machine Fees,card
2026-05-25T00:00:00.000,92.98,None,TT26145BYM60,"6,488.49",c4,Muffin Top Bakery,transfer
2026-05-26T00:00:00.000,\N,504.15,1054800004388-20260526,"6,992.64",c1,Card Settlement,card
2026-05-26T00:00:00.000,132.55,None,TT26146C1EQM,"6,860.09",c4,Muffin Top Bakery,transfer
2026-05-26T00:00:00.000,182.60,\N,TT26146SP7ET,"6,677.49",c3,Dairy Co,transfer
2026-05-27T00:00:00.000,,350.10,1054800004388-20260527,"7,027.59",c1,Card Settlement,card
2026-05-27T00:00:00.000,129.45,None,TT2614731RT3,"6,898.14",c3,Dairy Co,transfer
2026-05-28T00:00:00.000,\N,523.04,1054800004388-20260528,"7,421.18",c1,Card Settlement,card
2026-05-28T00:00:00.000,"4,428.04",\N,TT261484FKRT,"2,993.14",c5,Cozy Bean Payroll,standing_order
2026-05-28T00:00:00.000,56.16,\N,TT26148V88YH,"2,936.98",c3,Dairy Co,transfer
2026-05-29T00:00:00.000,\N,382.97,1054800004388-20260529,"3,319.95",c1,Card Settlement,card
2026-05-29T00:00:00.000,239.99,,TT261494P6SB,"3,079.96",c2,Beans Direct Ltd,transfer
2026-05-29T00:00:00.000,72.81,\N,TT26149BG991,"3,007.15",c3,Dairy Co,transfer
2026-05-30T00:00:00.000,0.00,625.64,1054800004388-20260530,"3,632.79",c1,Card Settlement,card
2026-05-30T00:00:00.000,147.79,\N,TT26150Y803A,"3,485.00",c4,Muffin Top Bakery,transfer
2026-05-31T00:00:00.000,\N,570.37,1054800004388-20260531,"4,055.37",c1,Card Settlement,card
2026-05-31T00:00:00.000,100.96,,TT26151FABG2,"3,954.41",c3,Dairy Co,transfer
2026-05-31T00:00:00.000,56.65,\N,TT26151RNLQH,"3,897.76",c2,Beans Direct Ltd,transfer
2026-06-01T00:00:00.000,None,402.22,1054800004388-20260601,"4,299.98",c1,Card Settlement,card
2026-06-01T00:00:00.000,"1,850.00",,TT261520WCXW,"2,449.98",c6,Riverside Lettings,standing_order
2026-06-01T00:00:00.000,147.44,None,TT2615210BDY,"2,302.54",c4,Muffin Top Bakery,transfer
2026-06-02T00:00:00.000,None,465.82,1054800004388-20260602,"2,768.36",c1,Card Settlement,card
2026-06-02T00:00:00.000,97.60,\N,TT26153KFZLM,"2,670.76",c3,Dairy Co,transfer
2026-06-03T00:00:00.000,\N,376.81,1054800004388-20260603,"3,047.57",c1,Card Settlement,card
2026-06-03T00:00:00.000,53.04,None,TT261545VCLR,"2,994.53",c4,Muffin Top Bakery,transfer
2026-06-03T00:00:00.000,\N,\N,TT26154QUXSB,"2,994.53",c0,Statement Memo,transfer
2026-06-04T00:00:00.000,\N,369.59,1054800004388-20260604,"3,364.12",c1,Card Settlement,card
2026-06-04T00:00:00.000,287.45,0.00,TT26155JVCUU,"3,076.67",c2,Beans Direct Ltd,transfer
2026-06-04T00:00:00.000,106.72,,TT26155YHGPM,"2,969.95",c4,Muffin Top Bakery,transfer
2026-06-04T00:00:00.000,62.50,\N,TT26155431ST,"2,907.45",c3,Dairy Co,transfer
2026-06-05T00:00:00.000,\N,384.11,1054800004388-20260605,"3,291.56",c1,Card Settlement,card
2026-06-05T00:00:00.000,None,230.13,TT26156KJL8U,"3,521.69",c10,Cash Deposit,cash
2026-06-05T00:00:00.000,95.35,\N,TT26156PHYF0,"3,426.34",c3,Dairy Co,transfer
2026-06-05T00:00:00.000,134.44,None,TT26156JZFGS,"3,291.90",c2,Beans Direct Ltd,transfer
2026-06-05T00:00:00.000,58.27,,TT26156BVPYA,"3,233.63",c2,Beans Direct Ltd,transfer
2026-06-06T00:00:00.000,0.00,554.82,1054800004388-20260606,"3,788.45",c1,Card Settlement,card
2026-06-06T00:00:00.000,131.93,\N,TT26157Q072Z,"3,656.52",c3,Dairy Co,transfer
2026-06-06T00:00:00.000,81.14,None,TT26157JJ7TC,"3,575.38",c2,Beans Direct Ltd,transfer
2026-06-06T00:00:00.000,83.51,,TT26157EC3V4,"3,491.87",c4,Muffin Top Bakery,transfer
2026-06-06T00:00:00.000,96.17,,TT26157BW7NT,"3,395.70",c2,Beans Direct Ltd,transfer
2026-06-07T00:00:00.000,,588.19,1054800004388-20260607,"3,983.89",c1,Card Settlement,card
2026-06-08T00:00:00.000,0.00,471.95,1054800004388-20260608,"4,455.84",c1,Card Settlement,card
2026-06-08T00:00:00.000,130.62,\N,TT26159X6A59,"4,325.22",c2,Beans Direct Ltd,transfer
2026-06-09T00:00:00.000,None,491.82,1054800004388-20260609,"4,817.04",c1,Card Settlement,card
2026-06-09T00:00:00.000,68.18,\N,TT26160W8CXT,"4,748.86",c3,Dairy Co,transfer
2026-06-09T00:00:00.000,146.74,\N,TT26160UND3U,"4,602.12",c4,Muffin Top Bakery,transfer
2026-06-10T00:00:00.000,,355.21,1054800004388-20260610,"4,957.33",c1,Card Settlement,card
2026-06-10T00:00:00.000,145.50,\N,TT26161T94F5,"4,811.83",c3,Dairy Co,transfer
2026-06-11T00:00:00.000,None,558.06,1054800004388-20260611,"5,369.89",c1,Card Settlement,card
2026-06-11T00:00:00.000,133.68,,TT26162SZBEU,"5,236.21",c3,Dairy Co,transfer
2026-06-11T00:00:00.000,\N,\N,TT26162GZLTK,"5,236.21",c0,Statement Memo,transfer
2026-06-12T00:00:00.000,\N,571.69,1054800004388-20260612,"5,807.90",c1,Card Settlement,card
2026-06-12T00:00:00.000,322.32,\N,TT261637TGFN,"5,485.58",c2,Beans Direct Ltd,transfer
2026-06-12T00:00:00.000,101.25,\N,TT26163EHFW7,"5,384.33",c4,Muffin Top Bakery,transfer
2026-06-12T00:00:00.000,178.10,None,TT26163PS8F8,"5,206.23",c2,Beans Direct Ltd,transfer
2026-06-13T00:00:00.000,\N,560.36,1054800004388-20260613,"5,766.59",c1,Card Settlement,card
2026-06-13T00:00:00.000,81.66,0.00,TT26164UBLBB,"5,684.93",c3,Dairy Co,transfer
2026-06-13T00:00:00.000,159.26,None,TT26164LPSQN,"5,525.67",c2,Beans Direct Ltd,transfer
2026-06-14T00:00:00.000,None,681.10,1054800004388-20260614,"6,206.77",c1,Card Settlement,card
2026-06-14T00:00:00.000,"4,207.74",\N,TT26165ELY6W,"1,999.03",c5,Cozy Bean Payroll,standing_order
2026-06-14T00:00:00.000,\N,\N,TT26165Z4323,"1,999.03",c0,Statement Memo,transfer
2026-06-15T00:00:00.000,None,358.68,1054800004388-20260615,"2,357.71",c1,Card Settlement,card
2026-06-15T00:00:00.000,126.90,\N,TT261663KDJR,"2,230.81",c3,Dairy Co,transfer
2026-06-16T00:00:00.000,\N,525.73,1054800004388-20260616,"2,756.54",c1,Card Settlement,card
2026-06-16T00:00:00.000,119.23,\N,TT261671L4QL,"2,637.31",c4,Muffin Top Bakery,transfer
2026-06-17T00:00:00.000,None,461.68,1054800004388-20260617,"3,098.99",c1,Card Settlement,card
2026-06-17T00:00:00.000,,344.48,TT26168D5PBS,"3,443.47",c10,Cash Deposit,cash
2026-06-18T00:00:00.000,\N,529.93,1054800004388-20260618,"3,973.40",c1,Card Settlement,card
2026-06-18T00:00:00.000,82.48,,TT26169KTK2Q,"3,890.92",c3,Dairy Co,transfer
2026-06-18T00:00:00.000,81.95,\N,TT26169PDNC5,"3,808.97",c3,Dairy Co,transfer
2026-06-18T00:00:00.000,\N,\N,TT26169X5WEZ,"3,808.97",c0,Statement Memo,transfer
2026-06-19T00:00:00.000,,577.18,1054800004388-20260619,"4,386.15",c1,Card Settlement,card
2026-06-19T00:00:00.000,272.63,,TT26170UEWBW,"4,113.52",c2,Beans Direct Ltd,transfer
2026-06-20T00:00:00.000,None,460.02,1054800004388-20260620,"4,573.54",c1,Card Settlement,card
2026-06-20T00:00:00.000,62.16,\N,TT26171FBMX4,"4,511.38",c3,Dairy Co,transfer
2026-06-20T00:00:00.000,80.81,,TT26171VLKYC,"4,430.57",c4,Muffin Top Bakery,transfer
2026-06-20T00:00:00.000,223.34,None,TT26171CLV69,"4,207.23",c7,City Power,standing_order
2026-06-21T00:00:00.000,None,580.50,1054800004388-20260621,"4,787.73",c1,Card Settlement,card
2026-06-22T00:00:00.000,\N,485.45,1054800004388-20260622,"5,273.18",c1,Card Settlement,card
2026-06-23T00:00:00.000,,507.11,1054800004388-20260623,"5,780.29",c1,Card Settlement,card
2026-06-23T00:00:00.000,87.67,,TT261748WM86,"5,692.62",c3,Dairy Co,transfer
2026-06-24T00:00:00.000,None,410.77,1054800004388-20260624,"6,103.39",c1,Card Settlement,card
2026-06-24T00:00:00.000,177.05,\N,TT26175X9Q0G,"5,926.34",c4,Muffin Top Bakery,transfer
2026-06-25T00:00:00.000,\N,528.33,1054800004388-20260625,"6,454.67",c1,Card Settlement,card
2026-06-25T00:00:00.000,143.16,None,TT26176Q7RJ4,"6,311.51",c4,Muffin Top Bakery,transfer
2026-06-25T00:00:00.000,69.37,\N,FT2617632LX0,"6,242.14",c11,Card Machine Fees,card
2026-06-25T00:00:00.000,169.63,\N,TT26176PJ2DH,"6,072.51",c4,Muffin Top Bakery,transfer
2026-06-26T00:00:00.000,0.00,437.36,1054800004388-20260626,"6,509.87",c1,Card Settlement,card
2026-06-26T00:00:00.000,137.60,\N,TT261776F74J,"6,372.27",c3,Dairy Co,transfer
2026-06-27T00:00:00.000,\N,515.02,1054800004388-20260627,"6,887.29",c1,Card Settlement,card
2026-06-27T00:00:00.000,\N,425.65,TT26178WLQCN,"7,312.94",c10,Cash Deposit,cash
2026-06-27T00:00:00.000,320.09,\N,TT26178H7EVG,"6,992.85",c2,Beans Direct Ltd,transfer
2026-06-28T00:00:00.000,,699.36,1054800004388-20260628,"7,692.21",c1,Card Settlement,card
2026-06-28T00:00:00.000,"4,503.52",None,TT26179DE7AN,"3,188.69",c5,Cozy Bean Payroll,standing_order
2026-06-28T00:00:00.000,145.84,,TT261798N350,"3,042.85",c3,Dairy Co,transfer
2026-06-29T00:00:00.000,0.00,573.99,1054800004388-20260629,"3,616.84",c1,Card Settlement,card
2026-06-29T00:00:00.000,129.35,\N,TT26180EAYPA,"3,487.49",c3,Dairy Co,transfer
2026-06-29T00:00:00.000,102.58,\N,TT26180VAP2F,"3,384.91",c4,Muffin Top Bakery,transfer
2026-06-30T00:00:00.000,,504.60,1054800004388-20260630,"3,889.51",c1,Card Settlement,card
2026-06-30T00:00:00.000,45.01,,TT26181KY0VH,"3,844.50",c3,Dairy Co,transfer
2026-07-01T00:00:00.000,,489.60,1054800004388-20260701,"4,334.10",c1,Card Settlement,card
2026-07-01T00:00:00.000,"1,850.00",,TT26182ZK4AR,"2,484.10",c6,Riverside Lettings,standing_order
2026-07-01T00:00:00.000,101.92,\N,TT26182HXLUF,"2,382.18",c4,Muffin Top Bakery,transfer
2026-07-02T00:00:00.000,\N,478.31,1054800004388-20260702,"2,860.49",c1,Card Settlement,card
2026-07-02T00:00:00.000,109.67,0.00,TT26183QBFQC,"2,750.82",c3,Dairy Co,transfer
2026-07-02T00:00:00.000,87.41,,TT26183J3XRN,"2,663.41",c4,Muffin Top Bakery,transfer
2026-07-02T00:00:00.000,165.64,,TT261834F1FL,"2,497.77",c3,Dairy Co,transfer
2026-07-03T00:00:00.000,\N,541.16,1054800004388-20260703,"3,038.93",c1,Card Settlement,card
2026-07-03T00:00:00.000,295.83,\N,TT261842XCFS,"2,743.10",c2,Beans Direct Ltd,transfer
2026-07-04T00:00:00.000,None,464.56,1054800004388-20260704,"3,207.66",c1,Card Settlement,card
2026-07-05T00:00:00.000,,458.13,1054800004388-20260705,"3,665.79",c1,Card Settlement,card
2026-07-05T00:00:00.000,84.52,\N,TT261865QP3D,"3,581.27",c3,Dairy Co,transfer
2026-07-06T00:00:00.000,,536.59,1054800004388-20260706,"4,117.86",c1,Card Settlement,card
2026-07-06T00:00:00.000,125.48,\N,TT26187UZYNA,"3,992.38",c4,Muffin Top Bakery,transfer
2026-07-07T00:00:00.000,None,490.55,1054800004388-20260707,"4,482.93",c1,Card Settlement,card
2026-07-08T00:00:00.000,\N,431.66,1054800004388-20260708,"4,914.59",c1,Card Settlement,card
2026-07-08T00:00:00.000,None,275.87,TT26189AXWT4,"5,190.46",c10,Cash Deposit,cash
2026-07-08T00:00:00.000,134.15,None,TT26189PJZQZ,"5,056.31",c3,Dairy Co,transfer
2026-07-08T00:00:00.000,83.89,\N,TT2618903RPK,"4,972.42",c2,Beans Direct Ltd,transfer
2026-07-09T00:00:00.000,\N,571.59,1054800004388-20260709,"5,544.01",c1,Card Settlement,card
2026-07-09T00:00:00.000,91.73,\N,TT26190BLH5C,"5,452.28",c3,Dairy Co,transfer
2026-07-09T00:00:00.000,64.03,\N,TT261903CC31,"5,388.25",c4,Muffin Top Bakery,transfer
2026-07-10T00:00:00.000,\N,513.03,1054800004388-20260710,"5,901.28",c1,Card Settlement,card
2026-07-11T00:00:00.000,\N,654.81,1054800004388-20260711,"6,556.09",c1,Card Settlement,card
2026-07-11T00:00:00.000,221.53,\N,TT26192VLXYK,"6,334.56",c2,Beans Direct Ltd,transfer
2026-07-11T00:00:00.000,122.04,\N,TT26192PW5KA,"6,212.52",c4,Muffin Top Bakery,transfer
2026-07-12T00:00:00.000,\N,522.89,1054800004388-20260712,"6,735.41",c1,Card Settlement,card
2026-07-12T00:00:00.000,136.07,,TT2619365PR0,"6,599.34",c3,Dairy Co,transfer
2026-07-13T00:00:00.000,\N,575.69,1054800004388-20260713,"7,175.03",c1,Card Settlement,card
2026-07-13T00:00:00.000,134.61,None,TT26194RSET0,"7,040.42",c2,Beans Direct Ltd,transfer
2026-07-14T00:00:00.000,\N,375.70,1054800004388-20260714,"7,416.12",c1,Card Settlement,card
2026-07-14T00:00:00.000,"4,653.67",0.00,TT261958189M,"2,762.45",c5,Cozy Bean Payroll,standing_order
2026-07-14T00:00:00.000,75.38,\N,TT261950AP84,"2,687.07",c4,Muffin Top Bakery,transfer
2026-07-15T00:00:00.000,\N,419.16,1054800004388-20260715,"3,106.23",c1,Card Settlement,card
2026-07-15T00:00:00.000,147.93,,TT261964QZN0,"2,958.30",c4,Muffin Top Bakery,transfer
2026-07-16T00:00:00.000,None,380.03,1054800004388-20260716,"3,338.33",c1,Card Settlement,card
2026-07-16T00:00:00.000,91.06,,TT2619768525,"3,247.27",c3,Dairy Co,transfer
2026-07-16T00:00:00.000,106.13,\N,TT26197JBQNL,"3,141.14",c4,Muffin Top Bakery,transfer
2026-07-16T00:00:00.000,132.06,,TT26197048AP,"3,009.08",c2,Beans Direct Ltd,transfer
2026-07-16T00:00:00.000,105.68,None,TT26197GZ54Q,"2,903.40",c2,Beans Direct Ltd,transfer
2026-07-17T00:00:00.000,\N,368.47,1054800004388-20260717,"3,271.87",c1,Card Settlement,card
2026-07-17T00:00:00.000,,344.69,TT26198VYSRP,"3,616.56",c10,Cash Deposit,cash
2026-07-17T00:00:00.000,286.00,\N,TT261982SH2P,"3,330.56",c2,Beans Direct Ltd,transfer
2026-07-18T00:00:00.000,,508.28,1054800004388-20260718,"3,838.84",c1,Card Settlement,card
2026-07-19T00:00:00.000,\N,685.71,1054800004388-20260719,"4,524.55",c1,Card Settlement,card
2026-07-19T00:00:00.000,121.75,,TT26200BS0WJ,"4,402.80",c3,Dairy Co,transfer
2026-07-20T00:00:00.000,,527.17,1054800004388-20260720,"4,929.97",c1,Card Settlement,card
2026-07-20T00:00:00.000,168.10,,TT26201DCGSA,"4,761.87",c7,City Power,standing_order
2026-07-20T00:00:00.000,73.02,None,TT26201KZACE,"4,688.85",c2,Beans Direct Ltd,transfer
2026-07-21T00:00:00.000,\N,468.89,1054800004388-20260721,"5,157.74",c1,Card Settlement,card
2026-07-21T00:00:00.000,154.68,,TT2620293FXC,"5,003.06",c4,Muffin Top Bakery,transfer
2026-07-21T00:00:00.000,63.31,\N,TT262022DFEE,"4,939.75",c3,Dairy Co,transfer
2026-07-22T00:00:00.000,None,462.23,1054800004388-20260722,"5,401.98",c1,Card Settlement,card
2026-07-22T00:00:00.000,65.79,,TT262030WCA2,"5,336.19",c3,Dairy Co,transfer
2026-07-23T00:00:00.000,,432.15,1054800004388-20260723,"5,768.34",c1,Card Settlement,card
2026-07-24T00:00:00.000,0.00,421.49,1054800004388-20260724,"6,189.83",c1,Card Settlement,card
2026-07-24T00:00:00.000,,330.74,TT26205RB8VG,"6,520.57",c10,Cash Deposit,cash
2026-07-24T00:00:00.000,299.68,\N,TT26205DR3VK,"6,220.89",c2,Beans Direct Ltd,transfer
2026-07-25T00:00:00.000,\N,571.54,1054800004388-20260725,"6,792.43",c1,Card Settlement,card
2026-07-25T00:00:00.000,72.83,\N,TT26206DLCXY,"6,719.60",c4,Muffin Top Bakery,transfer
2026-07-25T00:00:00.000,54.32,\N,FT26206VUYFF,"6,665.28",c11,Card Machine Fees,card
2026-07-26T00:00:00.000,,602.61,1054800004388-20260726,"7,267.89",c1,Card Settlement,card
2026-07-26T00:00:00.000,69.16,\N,TT262079WVN7,"7,198.73",c3,Dairy Co,transfer
2026-07-26T00:00:00.000,131.78,,TT26207U1993,"7,066.95",c2,Beans Direct Ltd,transfer
2026-07-26T00:00:00.000,122.14,,TT26207FQFBD,"6,944.81",c3,Dairy Co,transfer
2026-07-27T00:00:00.000,None,582.40,1054800004388-20260727,"7,527.21",c1,Card Settlement,card
2026-07-28T00:00:00.000,\N,466.60,1054800004388-20260728,"7,993.81",c1,Card Settlement,card
2026-07-28T00:00:00.000,"4,231.51",,TT26209S8CUG,"3,762.30",c5,Cozy Bean Payroll,standing_order
2026-07-29T00:00:00.000,\N,512.33,1054800004388-20260729,"4,274.63",c1,Card Settlement,card
2026-07-29T00:00:00.000,88.38,\N,TT26210ETYJH,"4,186.25",c3,Dairy Co,transfer
2026-07-29T00:00:00.000,81.33,,TT26210U77R3,"4,104.92",c4,Muffin Top Bakery,transfer
2026-07-30T00:00:00.000,\N,375.73,1054800004388-20260730,"4,480.65",c1,Card Settlement,card
2026-07-31T00:00:00.000,None,453.91,1054800004388-20260731,"4,934.56",c1,Card Settlement,card
2026-07-31T00:00:00.000,72.86,,TT262122J80N,"4,861.70",c3,Dairy Co,transfer
2026-07-31T00:00:00.000,94.80,0.00,TT26212K8KZE,"4,766.90",c3,Dairy Co,transfer
2026-08-01T00:00:00.000,None,478.17,1054800004388-20260801,"5,245.07",c1,Card Settlement,card
2026-08-01T00:00:00.000,267.03,\N,TT262134MY9U,"4,978.04",c2,Beans Direct Ltd,transfer
2026-08-01T00:00:00.000,"1,850.00",\N,TT262133NBU2,"3,128.04",c6,Riverside Lettings,standing_order
2026-08-01T00:00:00.000,187.37,\N,TT26213EBH6B,"2,940.67",c3,Dairy Co,transfer
2026-08-02T00:00:00.000,None,467.83,1054800004388-20260802,"3,408.50",c1,Card Settlement,card
2026-08-02T00:00:00.000,116.63,,TT262142VSE4,"3,291.87",c4,Muffin Top Bakery,transfer
2026-08-02T00:00:00.000,116.70,\N,TT2621491JRH,"3,175.17",c4,Muffin Top Bakery,transfer
2026-08-03T00:00:00.000,\N,478.58,1054800004388-20260803,"3,653.75",c1,Card Settlement,card
2026-08-04T00:00:00.000,,408.19,1054800004388-20260804,"4,061.94",c1,Card Settlement,card
2026-08-04T00:00:00.000,90.51,,TT262161BKRQ,"3,971.43",c3,Dairy Co,transfer
2026-08-04T00:00:00.000,111.63,\N,TT26216GMVYL,"3,859.80",c3,Dairy Co,transfer
2026-08-05T00:00:00.000,,576.62,1054800004388-20260805,"4,436.42",c1,Card Settlement,card
2026-08-05T00:00:00.000,None,442.50,TT26217VVEPM,"4,878.92",c10,Cash Deposit,cash
2026-08-05T00:00:00.000,72.69,\N,TT26217JUDM9,"4,806.23",c4,Muffin Top Bakery,transfer
2026-08-06T00:00:00.000,,396.54,1054800004388-20260806,"5,202.77",c1,Card Settlement,card
2026-08-06T00:00:00.000,\N,\N,TT26218LCZ92,"5,202.77",c0,Statement Memo,transfer
2026-08-07T00:00:00.000,,358.88,1054800004388-20260807,"5,561.65",c1,Card Settlement,card
2026-08-07T00:00:00.000,135.36,\N,TT26219QLJXD,"5,426.29",c3,Dairy Co,transfer
2026-08-07T00:00:00.000,109.55,\N,TT262195K670,"5,316.74",c2,Beans Direct Ltd,transfer
2026-08-07T00:00:00.000,102.63,\N,TT26219680VF,"5,214.11",c3,Dairy Co,transfer
2026-08-08T00:00:00.000,None,562.91,1054800004388-20260808,"5,777.02",c1,Card Settlement,card
2026-08-08T00:00:00.000,391.87,0.00,TT26220WPBWS,"5,385.15",c12,Insurance & Licences,standing_order
2026-08-09T00:00:00.000,None,456.61,1054800004388-20260809,"5,841.76",c1,Card Settlement,card
2026-08-09T00:00:00.000,313.82,\N,TT262217DL3X,"5,527.94",c2,Beans Direct Ltd,transfer
2026-08-10T00:00:00.000,,420.05,1054800004388-20260810,"5,947.99",c1,Card Settlement,card
2026-08-10T00:00:00.000,79.67,,TT26222J7C5N,"5,868.32",c3,Dairy Co,transfer
2026-08-10T00:00:00.000,103.50,\N,TT26222MTSPC,"5,764.82",c4,Muffin Top Bakery,transfer
2026-08-11T00:00:00.000,,423.88,1054800004388-20260811,"6,188.70",c1,Card Settlement,card
2026-08-12T00:00:00.000,None,572.75,1054800004388-20260812,"6,761.45",c1,Card Settlement,card
2026-08-13T00:00:00.000,\N,579.62,1054800004388-20260813,"7,341.07",c1,Card Settlement,card
2026-08-13T00:00:00.000,127.88,\N,TT26225FRXL8,"7,213.19",c3,Dairy Co,transfer
2026-08-14T00:00:00.000,None,382.51,1054800004388-20260814,"7,595.70",c1,Card Settlement,card
2026-08-14T00:00:00.000,128.70,None,TT26226QL0TL,"7,467.00",c4,Muffin Top Bakery,transfer
2026-08-14T00:00:00.000,"4,194.74",\N,TT26226TB36B,"3,272.26",c5,Cozy Bean Payroll,standing_order
2026-08-15T00:00:00.000,None,572.99,1054800004388-20260815,"3,845.25",c1,Card Settlement,card
2026-08-15T00:00:00.000,\N,183.54,TT262273ZR0S,"4,028.79",c10,Cash Deposit,cash
2026-08-15T00:00:00.000,228.65,\N,TT26227JSXGZ,"3,800.14",c2,Beans Direct Ltd,transfer
2026-08-15T00:00:00.000,\N,\N,TT26227VEDN4,"3,800.14",c0,Statement Memo,transfer
2026-08-16T00:00:00.000,,629.94,1054800004388-20260816,"4,430.08",c1,Card Settlement,card
2026-08-17T00:00:00.000,None,552.71,1054800004388-20260817,"4,982.79",c1,Card Settlement,card
2026-08-17T00:00:00.000,114.44,\N,TT26229G4PS3,"4,868.35",c3,Dairy Co,transfer
2026-08-17T00:00:00.000,95.03,0.00,TT26229ZV56G,"4,773.32",c2,Beans Direct Ltd,transfer
2026-08-18T00:00:00.000,\N,560.43,1054800004388-20260818,"5,333.75",c1,Card Settlement,card
2026-08-18T00:00:00.000,78.81,\N,TT26230VY43E,"5,254.94",c4,Muffin Top Bakery,transfer
2026-08-19T00:00:00.000,\N,479.85,1054800004388-20260819,"5,734.79",c1,Card Settlement,card
2026-08-19T00:00:00.000,71.86,,TT26231MCDP6,"5,662.93",c3,Dairy Co,transfer
2026-08-19T00:00:00.000,107.90,\N,TT26231CJ12J,"5,555.03",c4,Muffin Top Bakery,transfer
2026-08-20T00:00:00.000,\N,472.43,1054800004388-20260820,"6,027.46",c1,Card Settlement,card
2026-08-20T00:00:00.000,174.32,None,TT26232DP2SF,"5,853.14",c7,City Power,standing_order
2026-08-20T00:00:00.000,184.51,\N,TT26232P804P,"5,668.63",c3,Dairy Co,transfer
2026-08-20T00:00:00.000,49.33,None,TT26232MT2AD,"5,619.30",c4,Muffin Top Bakery,transfer
2026-08-21T00:00:00.000,,400.83,1054800004388-20260821,"6,020.13",c1,Card Settlement,card
2026-08-21T00:00:00.000,238.50,\N,TT262330DT0S,"5,781.63",c2,Beans Direct Ltd,transfer
2026-08-21T00:00:00.000,69.05,\N,TT26233CGGFX,"5,712.58",c2,Beans Direct Ltd,transfer
2026-08-22T00:00:00.000,,432.18,1054800004388-20260822,"6,144.76",c1,Card Settlement,card
2026-08-22T00:00:00.000,62.47,,TT26234TCRGB,"6,082.29",c3,Dairy Co,transfer
2026-08-22T00:00:00.000,144.34,None,TT26234WS0ZD,"5,937.95",c4,Muffin Top Bakery,transfer
2026-08-22T00:00:00.000,137.25,\N,TT26234YG17X,"5,800.70",c4,Muffin Top Bakery,transfer
2026-08-22T00:00:00.000,183.00,0.00,TT262344FTAL,"5,617.70",c2,Beans Direct Ltd,transfer
2026-08-23T00:00:00.000,,699.29,1054800004388-20260823,"6,316.99",c1,Card Settlement,card
2026-08-23T00:00:00.000,118.50,None,TT26235HSBG2,"6,198.49",c2,Beans Direct Ltd,transfer
2026-08-24T00:00:00.000,None,353.84,1054800004388-20260824,"6,552.33",c1,Card Settlement,card
2026-08-24T00:00:00.000,\N,\N,TT262360XPD1,"6,552.33",c0,Statement Memo,transfer
2026-08-25T00:00:00.000,\N,547.67,1054800004388-20260825,"7,100.00",c1,Card Settlement,card
2026-08-25T00:00:00.000,104.12,\N,TT26237KUX4W,"6,995.88",c3,Dairy Co,transfer
2026-08-25T00:00:00.000,46.14,\N,FT26237H0VU5,"6,949.74",c11,Card Machine Fees,card
2026-08-26T00:00:00.000,,407.20,1054800004388-20260826,"7,356.94",c1,Card Settlement,card
2026-08-26T00:00:00.000,\N,290.17,TT26238U992F,"7,647.11",c10,Cash Deposit,cash
2026-08-26T00:00:00.000,95.20,None,TT26238P4JD6,"7,551.91",c3,Dairy Co,transfer
2026-08-26T00:00:00.000,178.92,,TT2623888HYP,"7,372.99",c4,Muffin Top Bakery,transfer
2026-08-27T00:00:00.000,None,348.92,1054800004388-20260827,"7,721.91",c1,Card Settlement,card
2026-08-27T00:00:00.000,117.02,\N,TT26239067FZ,"7,604.89",c4,Muffin Top Bakery,transfer
2026-08-28T00:00:00.000,0.00,416.39,1054800004388-20260828,"8,021.28",c1,Card Settlement,card
2026-08-28T00:00:00.000,89.51,None,TT262403Z84T,"7,931.77",c3,Dairy Co,transfer
2026-08-28T00:00:00.000,"4,634.60",\N,TT262401BZUJ,"3,297.17",c5,Cozy Bean Payroll,standing_order
2026-08-29T00:00:00.000,None,431.79,1054800004388-20260829,"3,728.96",c1,Card Settlement,card
2026-08-29T00:00:00.000,318.44,,TT26241M74YH,"3,410.52",c2,Beans Direct Ltd,transfer
2026-08-30T00:00:00.000,\N,467.38,1054800004388-20260830,"3,877.90",c1,Card Settlement,card
2026-08-31T00:00:00.000,None,480.02,1054800004388-20260831,"4,357.92",c1,Card Settlement,card
2026-08-31T00:00:00.000,\N,\N,TT26243W3PPN,"4,357.92",c0,Statement Memo,transfer
2026-09-01T00:00:00.000,\N,572.75,1054800004388-20260901,"4,930.67",c1,Card Settlement,card
2026-09-01T00:00:00.000,58.21,0.00,TT262441DVDD,"4,872.46",c3,Dairy Co,transfer
2026-09-01T00:00:00.000,121.37,,TT26244WUXYQ,"4,751.09",c4,Muffin Top Bakery,transfer
2026-09-01T00:00:00.000,"1,850.00",,TT262448NHBJ,"2,901.09",c6,Riverside Lettings,standing_order
2026-09-01T00:00:00.000,149.63,\N,TT26244MAMFZ,"2,751.46",c3,Dairy Co,transfer
2026-09-01T00:00:00.000,182.73,\N,TT26244CMN2E,"2,568.73",c3,Dairy Co,transfer
2026-09-01T00:00:00.000,130.62,,TT26244YVW8D,"2,438.11",c3,Dairy Co,transfer
2026-09-02T00:00:00.000,0.00,492.30,1054800004388-20260902,"2,930.41",c1,Card Settlement,card
2026-09-03T00:00:00.000,None,562.12,1054800004388-20260903,"3,492.53",c1,Card Settlement,card
2026-09-04T00:00:00.000,,523.26,1054800004388-20260904,"4,015.79",c1,Card Settlement,card
2026-09-04T00:00:00.000,103.59,,TT26247QQ14Q,"3,912.20",c3,Dairy Co,transfer
2026-09-04T00:00:00.000,159.19,,TT26247PS47M,"3,753.01",c4,Muffin Top Bakery,transfer
2026-09-04T00:00:00.000,146.53,,TT262471NMGD,"3,606.48",c2,Beans Direct Ltd,transfer
2026-09-05T00:00:00.000,,590.03,1054800004388-20260905,"4,196.51",c1,Card Settlement,card
2026-09-06T00:00:00.000,,591.82,1054800004388-20260906,"4,788.33",c1,Card Settlement,card
2026-09-06T00:00:00.000,236.03,\N,TT262496T6M6,"4,552.30",c2,Beans Direct Ltd,transfer
2026-09-06T00:00:00.000,68.47,0.00,TT262491T5SD,"4,483.83",c3,Dairy Co,transfer
2026-09-06T00:00:00.000,107.63,\N,TT262495BS6C,"4,376.20",c3,Dairy Co,transfer
2026-09-07T00:00:00.000,None,523.02,1054800004388-20260907,"4,899.22",c1,Card Settlement,card
2026-09-07T00:00:00.000,130.69,\N,TT262501SKCR,"4,768.53",c4,Muffin Top Bakery,transfer
2026-09-07T00:00:00.000,81.56,,TT262507QTKP,"4,686.97",c4,Muffin Top Bakery,transfer
2026-09-07T00:00:00.000,93.84,\N,TT26250K9JD7,"4,593.13",c2,Beans Direct Ltd,transfer
2026-09-08T00:00:00.000,\N,498.90,1054800004388-20260908,"5,092.03",c1,Card Settlement,card
2026-09-08T00:00:00.000,,314.27,TT26251SCTFU,"5,406.30",c10,Cash Deposit,cash
2026-09-09T00:00:00.000,None,399.27,1054800004388-20260909,"5,805.57",c1,Card Settlement,card
2026-09-10T00:00:00.000,\N,484.88,1054800004388-20260910,"6,290.45",c1,Card Settlement,card
2026-09-10T00:00:00.000,72.72,None,TT26253B9VR9,"6,217.73",c3,Dairy Co,transfer
2026-09-11T00:00:00.000,,418.52,1054800004388-20260911,"6,636.25",c1,Card Settlement,card
2026-09-11T00:00:00.000,74.15,None,TT26254WYHSR,"6,562.10",c2,Beans Direct Ltd,transfer
2026-09-11T00:00:00.000,\N,\N,TT262549MY0V,"6,562.10",c0,Statement Memo,transfer
2026-09-12T00:00:00.000,,706.19,1054800004388-20260912,"7,268.29",c1,Card Settlement,card
2026-09-12T00:00:00.000,88.02,\N,TT26255KWGN9,"7,180.27",c3,Dairy Co,transfer
2026-09-12T00:00:00.000,148.33,,TT26255GUBC7,"7,031.94",c4,Muffin Top Bakery,transfer
2026-09-13T00:00:00.000,\N,710.88,1054800004388-20260913,"7,742.82",c1,Card Settlement,card
2026-09-13T00:00:00.000,253.71,,TT26256YQKK2,"7,489.11",c2,Beans Direct Ltd,transfer
2026-09-13T00:00:00.000,71.92,None,TT26256LKMQV,"7,417.19",c3,Dairy Co,transfer
2026-09-14T00:00:00.000,\N,570.25,1054800004388-20260914,"7,987.44",c1,Card Settlement,card
2026-09-14T00:00:00.000,70.45,\N,TT26257HBPU6,"7,916.99",c3,Dairy Co,transfer
2026-09-14T00:00:00.000,"4,602.58",,TT26257HLAKC,"3,314.41",c5,Cozy Bean Payroll,standing_order
2026-09-14T00:00:00.000,167.47,None,TT26257VCRK9,"3,146.94",c4,Muffin Top Bakery,transfer
2026-09-15T00:00:00.000,,384.29,1054800004388-20260915,"3,531.23",c1,Card Settlement,card
2026-09-15T00:00:00.000,132.64,None,TT26258W9ZPL,"3,398.59",c2,Beans Direct Ltd,transfer
2026-09-15T00:00:00.000,105.25,\N,TT26258NFYBX,"3,293.34",c3,Dairy Co,transfer
2026-09-15T00:00:00.000,123.54,\N,TT26258ZGZXG,"3,169.80",c4,Muffin Top Bakery,transfer
2026-09-16T00:00:00.000,None,454.30,1054800004388-20260916,"3,624.10",c1,Card Settlement,card
2026-09-16T00:00:00.000,64.12,,TT26259JB5B4,"3,559.98",c3,Dairy Co,transfer
2026-09-16T00:00:00.000,79.94,None,TT26259ZKVGV,"3,480.04",c4,Muffin Top Bakery,transfer
2026-09-17T00:00:00.000,None,419.25,1054800004388-20260917,"3,899.29",c1,Card Settlement,card
2026-09-17T00:00:00.000,\N,286.36,TT262602ZTJ2,"4,185.65",c10,Cash Deposit,cash
2026-09-18T00:00:00.000,,413.08,1054800004388-20260918,"4,598.73",c1,Card Settlement,card
2026-09-18T00:00:00.000,146.41,,TT26261U2J4P,"4,452.32",c3,Dairy Co,transfer
2026-09-19T00:00:00.000,,561.70,1054800004388-20260919,"5,014.02",c1,Card Settlement,card
2026-09-19T00:00:00.000,81.32,0.00,TT26262JC2Q3,"4,932.70",c3,Dairy Co,transfer
2026-09-19T00:00:00.000,110.28,\N,TT26262BVLZK,"4,822.42",c4,Muffin Top Bakery,transfer
2026-09-19T00:00:00.000,73.28,\N,TT262623KXTD,"4,749.14",c2,Beans Direct Ltd,transfer
2026-09-19T00:00:00.000,121.86,\N,TT26262XESYH,"4,627.28",c3,Dairy Co,transfer
2026-09-20T00:00:00.000,,634.09,1054800004388-20260920,"5,261.37",c1,Card Settlement,card
2026-09-20T00:00:00.000,271.85,\N,TT26263HUANK,"4,989.52",c7,City Power,standing_order
2026-09-21T00:00:00.000,\N,416.74,1054800004388-20260921,"5,406.26",c1,Card Settlement,card
2026-09-21T00:00:00.000,275.86,0.00,TT26264YHQYB,"5,130.40",c2,Beans Direct Ltd,transfer
2026-09-21T00:00:00.000,136.94,None,TT26264SFA57,"4,993.46",c2,Beans Direct Ltd,transfer
2026-09-21T00:00:00.000,62.42,None,TT262644J2VB,"4,931.04",c4,Muffin Top Bakery,transfer
2026-09-22T00:00:00.000,None,467.62,1054800004388-20260922,"5,398.66",c1,Card Settlement,card
2026-09-22T00:00:00.000,70.48,None,TT26265F6HK5,"5,328.18",c4,Muffin Top Bakery,transfer
2026-09-23T00:00:00.000,,360.86,1054800004388-20260923,"5,689.04",c1,Card Settlement,card
2026-09-23T00:00:00.000,136.93,0.00,TT26266BS3RW,"5,552.11",c3,Dairy Co,transfer
2026-09-23T00:00:00.000,80.18,\N,TT26266Z0KB7,"5,471.93",c4,Muffin Top Bakery,transfer
2026-09-23T00:00:00.000,104.36,None,TT26266LV3MK,"5,367.57",c4,Muffin Top Bakery,transfer
2026-09-23T00:00:00.000,48.27,None,TT26266MP9H2,"5,319.30",c2,Beans Direct Ltd,transfer
2026-09-24T00:00:00.000,\N,438.41,1054800004388-20260924,"5,757.71",c1,Card Settlement,card
2026-09-25T00:00:00.000,None,426.91,1054800004388-20260925,"6,184.62",c1,Card Settlement,card
2026-09-25T00:00:00.000,52.60,None,FT26268Y4MC7,"6,132.02",c11,Card Machine Fees,card
2026-09-26T00:00:00.000,\N,613.66,1054800004388-20260926,"6,745.68",c1,Card Settlement,card
2026-09-26T00:00:00.000,100.68,None,TT26269QM0RQ,"6,645.00",c3,Dairy Co,transfer
2026-09-27T00:00:00.000,\N,540.23,1054800004388-20260927,"7,185.23",c1,Card Settlement,card
2026-09-27T00:00:00.000,118.42,,TT26270N2AJH,"7,066.81",c3,Dairy Co,transfer
2026-09-28T00:00:00.000,,427.06,1054800004388-20260928,"7,493.87",c1,Card Settlement,card
2026-09-28T00:00:00.000,,320.51,TT262717NYRG,"7,814.38",c10,Cash Deposit,cash
2026-09-28T00:00:00.000,263.92,\N,TT262716LQ85,"7,550.46",c2,Beans Direct Ltd,transfer
2026-09-28T00:00:00.000,96.81,,TT26271WRX80,"7,453.65",c4,Muffin Top Bakery,transfer
2026-09-28T00:00:00.000,"4,276.50",\N,TT26271AF6MB,"3,177.15",c5,Cozy Bean Payroll,standing_order
2026-09-28T00:00:00.000,52.91,None,TT26271HSUU8,"3,124.24",c4,Muffin Top Bakery,transfer
2026-09-29T00:00:00.000,\N,536.90,1054800004388-20260929,"3,661.14",c1,Card Settlement,card
2026-09-30T00:00:00.000,None,488.21,1054800004388-20260930,"4,149.35",c1,Card Settlement,card
2026-09-30T00:00:00.000,120.46,,TT262735RBS9,"4,028.89",c3,Dairy Co,transfer
2026-09-30T00:00:00.000,143.25,,TT26273PNG5Q,"3,885.64",c4,Muffin Top Bakery,transfer
2026-10-01T00:00:00.000,None,522.10,1054800004388-20261001,"4,407.74",c1,Card Settlement,card
2026-10-01T00:00:00.000,"1,850.00",\N,TT262740Y1T5,"2,557.74",c6,Riverside Lettings,standing_order
2026-10-01T00:00:00.000,171.27,None,TT26274ZK02W,"2,386.47",c3,Dairy Co,transfer
2026-10-02T00:00:00.000,None,476.11,1054800004388-20261002,"2,862.58",c1,Card Settlement,card
2026-10-02T00:00:00.000,147.31,None,TT26275M2WYJ,"2,715.27",c4,Muffin Top Bakery,transfer
2026-10-02T00:00:00.000,143.05,None,TT26275FQQ0L,"2,572.22",c2,Beans Direct Ltd,transfer
2026-10-03T00:00:00.000,0.00,499.81,1054800004388-20261003,"3,072.03",c1,Card Settlement,card
2026-10-03T00:00:00.000,86.10,None,TT26276Y4UC3,"2,985.93",c3,Dairy Co,transfer
2026-10-04T00:00:00.000,None,532.96,1054800004388-20261004,"3,518.89",c1,Card Settlement,card
2026-10-05T00:00:00.000,\N,492.29,1054800004388-20261005,"4,011.18",c1,Card Settlement,card
2026-10-06T00:00:00.000,None,496.70,1054800004388-20261006,"4,507.88",c1,Card Settlement,card
2026-10-06T00:00:00.000,218.49,\N,TT26279NZYQV,"4,289.39",c2,Beans Direct Ltd,transfer
2026-10-06T00:00:00.000,\N,\N,TT262795CRXV,"4,289.39",c0,Statement Memo,transfer
2026-10-07T00:00:00.000,\N,505.89,1054800004388-20261007,"4,795.28",c1,Card Settlement,card
2026-10-07T00:00:00.000,127.05,,TT26280H7WXR,"4,668.23",c3,Dairy Co,transfer
2026-10-07T00:00:00.000,95.70,\N,TT26280EFPC0,"4,572.53",c4,Muffin Top Bakery,transfer
2026-10-07T00:00:00.000,179.07,\N,TT26280LD63H,"4,393.46",c3,Dairy Co,transfer
2026-10-08T00:00:00.000,None,552.28,1054800004388-20261008,"4,945.74",c1,Card Settlement,card
2026-10-08T00:00:00.000,0.00,400.78,TT26281G4WHH,"5,346.52",c10,Cash Deposit,cash
2026-10-08T00:00:00.000,62.50,None,TT26281DL321,"5,284.02",c3,Dairy Co,transfer
2026-10-09T00:00:00.000,\N,412.66,1054800004388-20261009,"5,696.68",c1,Card Settlement,card
2026-10-09T00:00:00.000,73.69,,TT26282WQHFD,"5,622.99",c3,Dairy Co,transfer
2026-10-10T00:00:00.000,\N,666.19,1054800004388-20261010,"6,289.18",c1,Card Settlement,card
2026-10-10T00:00:00.000,124.68,None,TT26283S8DQ4,"6,164.50",c3,Dairy Co,transfer
2026-10-11T00:00:00.000,,649.00,1054800004388-20261011,"6,813.50",c1,Card Settlement,card
2026-10-11T00:00:00.000,149.85,,TT262841K2KF,"6,663.65",c4,Muffin Top Bakery,transfer
2026-10-11T00:00:00.000,98.47,None,TT26284J4XE0,"6,565.18",c4,Muffin Top Bakery,transfer
2026-10-12T00:00:00.000,\N,560.76,1054800004388-20261012,"7,125.94",c1,Card Settlement,card
2026-10-13T00:00:00.000,None,379.94,1054800004388-20261013,"7,505.88",c1,Card Settlement,card
2026-10-13T00:00:00.000,214.89,0.00,TT26286JYXCM,"7,290.99",c2,Beans Direct Ltd,transfer
2026-10-13T00:00:00.000,82.35,\N,TT262864WY1B,"7,208.64",c3,Dairy Co,transfer
2026-10-13T00:00:00.000,186.83,\N,TT26286XRX37,"7,021.81",c4,Muffin Top Bakery,transfer
2026-10-14T00:00:00.000,0.00,472.95,1054800004388-20261014,"7,494.76",c1,Card Settlement,card
2026-10-14T00:00:00.000,"4,379.90",None,TT2628778QLS,"3,114.86",c5,Cozy Bean Payroll,standing_order
2026-10-15T00:00:00.000,0.00,569.62,1054800004388-20261015,"3,684.48",c1,Card Settlement,card
2026-10-15T00:00:00.000,83.64,None,TT26288WZL4Z,"3,600.84",c4,Muffin Top Bakery,transfer
2026-10-16T00:00:00.000,0.00,482.24,1054800004388-20261016,"4,083.08",c1,Card Settlement,card
2026-10-16T00:00:00.000,100.52,0.00,TT26289YTG8M,"3,982.56",c3,Dairy Co,transfer
2026-10-16T00:00:00.000,\N,"45,000.00",TT262893CZ70,"48,982.56",c8,Aperion Bank Loan,transfer
2026-10-17T00:00:00.000,None,641.11,1054800004388-20261017,"49,623.67",c1,Card Settlement,card
2026-10-18T00:00:00.000,None,459.26,1054800004388-20261018,"50,082.93",c1,Card Settlement,card
2026-10-18T00:00:00.000,130.64,None,TT262915NJE0,"49,952.29",c4,Muffin Top Bakery,transfer
2026-10-19T00:00:00.000,\N,433.81,1054800004388-20261019,"50,386.10",c1,Card Settlement,card
2026-10-19T00:00:00.000,,441.82,TT26292XD3BL,"50,827.92",c10,Cash Deposit,cash
2026-10-19T00:00:00.000,62.24,,TT26292EK4UQ,"50,765.68",c3,Dairy Co,transfer
2026-10-20T00:00:00.000,None,381.08,1054800004388-20261020,"51,146.76",c1,Card Settlement,card
2026-10-20T00:00:00.000,232.24,0.00,TT26293CEVFD,"50,914.52",c7,City Power,standing_order
2026-10-20T00:00:00.000,72.84,None,TT26293XTTUW,"50,841.68",c3,Dairy Co,transfer
2026-10-21T00:00:00.000,None,533.05,1054800004388-20261021,"51,374.73",c1,Card Settlement,card
2026-10-21T00:00:00.000,301.91,,TT26294J7744,"51,072.82",c2,Beans Direct Ltd,transfer
2026-10-21T00:00:00.000,90.05,\N,TT26294SUQRS,"50,982.77",c4,Muffin Top Bakery,transfer
2026-10-22T00:00:00.000,None,563.10,1054800004388-20261022,"51,545.87",c1,Card Settlement,card
2026-10-23T00:00:00.000,,530.68,1054800004388-20261023,"52,076.55",c1,Card Settlement,card
2026-10-23T00:00:00.000,90.03,None,TT26296UUH11,"51,986.52",c3,Dairy Co,transfer
2026-10-23T00:00:00.000,"28,500.00",None,TT262962S15X,"23,486.52",c9,Northgate Property,transfer
2026-10-24T00:00:00.000,,684.36,1054800004388-20261024,"24,170.88",c1,Card Settlement,card
2026-10-24T00:00:00.000,72.47,,TT26297WXB5J,"24,098.41",c4,Muffin Top Bakery,transfer
2026-10-24T00:00:00.000,53.63,None,TT262978HZF1,"24,044.78",c3,Dairy Co,transfer
2026-10-24T00:00:00.000,91.36,\N,TT262972ZKJS,"23,953.42",c4,Muffin Top Bakery,transfer
2026-10-25T00:00:00.000,None,519.33,1054800004388-20261025,"24,472.75",c1,Card Settlement,card
2026-10-25T00:00:00.000,49.78,\N,FT26298RNZME,"24,422.97",c11,Card Machine Fees,card
2026-10-25T00:00:00.000,149.39,,TT262987EP1E,"24,273.58",c4,Muffin Top Bakery,transfer
2026-10-26T00:00:00.000,,353.00,1054800004388-20261026,"24,626.58",c1,Card Settlement,card
2026-10-27T00:00:00.000,\N,542.61,1054800004388-20261027,"25,169.19",c1,Card Settlement,card
2026-10-27T00:00:00.000,79.26,\N,TT263008BEMW,"25,089.93",c3,Dairy Co,transfer
2026-10-27T00:00:00.000,65.98,0.00,TT26300LPKDY,"25,023.95",c3,Dairy Co,transfer
2026-10-27T00:00:00.000,\N,\N,TT26300QPTEC,"25,023.95",c0,Statement Memo,transfer
2026-10-28T00:00:00.000,,434.04,1054800004388-20261028,"25,457.99",c1,Card Settlement,card
2026-10-28T00:00:00.000,241.12,None,TT263011ZZU5,"25,216.87",c2,Beans Direct Ltd,transfer
2026-10-28T00:00:00.000,107.77,\N,TT263012CLPH,"25,109.10",c4,Muffin Top Bakery,transfer
2026-10-28T00:00:00.000,"4,181.30",\N,TT263017XK47,"20,927.80",c5,Cozy Bean Payroll,standing_order
2026-10-28T00:00:00.000,50.22,None,TT26301XEZVU,"20,877.58",c4,Muffin Top Bakery,transfer
2026-10-29T00:00:00.000,0.00,384.72,1054800004388-20261029,"21,262.30",c1,Card Settlement,card
2026-10-29T00:00:00.000,67.98,,TT263026LRZF,"21,194.32",c3,Dairy Co,transfer
2026-10-29T00:00:00.000,189.80,\N,TT2630233F24,"21,004.52",c4,Muffin Top Bakery,transfer
2026-10-29T00:00:00.000,\N,\N,TT26302WZ3DT,"21,004.52",c0,Statement Memo,transfer
2026-10-30T00:00:00.000,0.00,537.49,1054800004388-20261030,"21,542.01",c1,Card Settlement,card
2026-10-31T00:00:00.000,None,504.50,1054800004388-20261031,"22,046.51",c1,Card Settlement,card
2026-10-31T00:00:00.000,\N,204.02,TT26304QPGEG,"22,250.53",c10,Cash Deposit,cash
2026-10-31T00:00:00.000,150.66,\N,TT263045LF1L,"22,099.87",c4,Muffin Top Bakery,transfer
